URL;NAME;ADDRESS;CITY;CATEGORY;PHONE NUMBER;RATINGS;AVG RATINGS;SPECIAL DIETS;MEALS;CERTIFICATIONS
https://www.tripadvisor.it/Restaurant_Review-g187874-d1651553-Reviews-Ristorante_Pizzeria_Da_Paolo-Bari_Province_of_Bari_Puglia.html; Da Paolo;Via Quintino Sella, 13/A;70122, Bari, ;$$ - $$$, Italiana, Pizza, Pesce;+39 080 521 1662;411;4;Per vegetariani;Pranzo, Cena, Dopo mezzanotte;Certificato di EccellenzaVincitore 2017
https://www.tripadvisor.it/Restaurant_Review-g187874-d2442311-Reviews-Frulez-Bari_Province_of_Bari_Puglia.html; Frulez;Piazza Umberto I, 14-15;70121, Bari, ;$$ - $$$, Fusion, Italiana, Mediterranea;+39 080 523 9827;762;4;Per vegetariani, Opzioni vegane, Opzioni senza glutine;-;Certificato di EccellenzaVincitore 2015 - 2018
https://www.tripadvisor.it/Restaurant_Review-g187874-d11971324-Reviews-Sandrino-Bari_Province_of_Bari_Puglia.html;Sandrino;Piazza Mercantile 3;70122, Bari,;$, Pasticcerie e gelaterie, Italiana;+39 080 573 9367;78;3.5;-;-;-
https://www.tripadvisor.it/Restaurant_Review-g187874-d1987045-Reviews-Pizzeria_Di_Cosimo-Bari_Province_of_Bari_Puglia.html;Pizzeria Di Cosimo;Via Giovanni Modugno 31;70124, Bari,;$, Italiana, Pizza, Per vegetariani;+39 080 504 1513;447;3.5;Per vegetariani;-;-
https://www.tripadvisor.it/Restaurant_Review-g187874-d4795095-Reviews-Martinucci-Bari_Province_of_Bari_Puglia.html;Martinucci Laboratory [BARI];Piazza Mercantile 80;70122, Bari,;$$ - $$$, Italiana, Bar, Caffè;+39 080 521 1142;1160;4;Per vegetariani, Opzioni senza glutine;Colazione, Brunch, Dopo mezzanotte, Bevande;Certificato di EccellenzaVincitore 2016
https://www.tripadvisor.it/Restaurant_Review-g187874-d6580952-Reviews-Bar_Telebari-Bari_Province_of_Bari_Puglia.html;Bar Telebari;Via Giuseppe Fanelli 221;70125, Bari,;$;+39 080 502 0626;93;4.5;-;-;-
https://www.tripadvisor.it/Restaurant_Review-g187874-d12949400-Reviews-Gyrosteria_Yannis_Centro_Citta-Bari_Province_of_Bari_Puglia.html;Gyrosteria Yannis - Centro Città;Via Domenico Nicolai 11/13;70122, Bari,;$, Mediterranea, Greca;+39 080 521 4797;37;3.5;-;Pranzo, Cena;-
https://www.tripadvisor.it/Restaurant_Review-g187874-d799949-Reviews-Osteria_Al_Gambero-Bari_Province_of_Bari_Puglia.html;Osteria Al Gambero;Corso Antonio de Tullio 8;70122, Bari,;$$ - $$$, Italiana, Pesce, Mediterranea;+39 080 521 6018;615;4;-;Pranzo, Cena, Dopo mezzanotte;-
https://www.tripadvisor.it/Restaurant_Review-g187874-d4641634-Reviews-Eataly_Bari-Bari_Province_of_Bari_Puglia.html;EATALY BARI;Lungomare Generale G. Amm. P. Starita 4;70132, Bari,;$$ - $$$, Gastronomie e prodotti tipici, Mediterranea, Per vegetariani;+39 080 618 0401;890;3.5;Per vegetariani, Opzioni senza glutine;-;-
https://www.tripadvisor.it/Restaurant_Review-g187874-d1925456-Reviews-Ai_2_Ghiottoni-Bari_Province_of_Bari_Puglia.html;Ai 2 Ghiottoni;Via Nicolo' Putignani 11/B;70121, Bari,;$$$$, Mediterranea, Italiana, Pesce;+39 080 523 2240;1277;4;Per vegetariani, Opzioni vegane, Opzioni senza glutine;Pranzo, Cena, Dopo mezzanotte;-
https://www.tripadvisor.it/Restaurant_Review-g187874-d2175005-Reviews-Bari_Napoli-Bari_Province_of_Bari_Puglia.html;Bari Napoli;Via Nicolo' Piccinni 187/189;70122, Bari,;$$ - $$$, Italiana, Pizza, Mediterranea;+39 080 990 5452;1794;4;Per vegetariani, Opzioni vegane, Opzioni senza glutine;Pranzo, Cena, Dopo mezzanotte;-
https://www.tripadvisor.it/Restaurant_Review-g187874-d5826956-Reviews-Joy_s_Shop-Bari_Province_of_Bari_Puglia.html;Joy's Pub;Corso Sidney Sonnino 118/d;70121, Bari,;$$ - $$$, Irlandese, Pub;+39 080 554 2854;109;3.5;-;Cena;-
https://www.tripadvisor.it/Restaurant_Review-g187874-d2485836-Reviews-Blue_Eyes-Bari_Province_of_Bari_Puglia.html;Blue Eyes;Via Muciaccia 4;Bari,;$, Italiana;+39 327 762 2816;248;4;-;Pranzo, Cena, Dopo mezzanotte;-
https://www.tripadvisor.it/Restaurant_Review-g187874-d2250654-Reviews-Pizzeria_Enzo_E_Ciro-Bari_Province_of_Bari_Puglia.html;Pizzeria Enzo E Ciro;Via Matteo Renato Imbriani 79;70121, Bari,;$$ - $$$, Italiana, Pizza, Mediterranea;+39 080 554 1535;520;3.5;Per vegetariani;Cena, Dopo mezzanotte;-
https://www.tripadvisor.it/Restaurant_Review-g187874-d6681490-Reviews-Matiti_Brown-Bari_Province_of_Bari_Puglia.html;Matiti Brown;Piazza del Ferrarese, 17;70122, Bari,;$$ - $$$, Italiana, Mediterranea, Per vegetariani;+39 329 655 1349;199;3;Per vegetariani, Opzioni vegane;-;-
https://www.tripadvisor.it/Restaurant_Review-g187874-d2318210-Reviews-Ristorante_carne_Bari_El_Churrasco-Bari_Province_of_Bari_Puglia.html;El Churrasco;Via Guido Dorso 57/59/61;70125, Bari,;$$ - $$$, Opzioni senza glutine;+39 080 502 4367;343;4;-;Pranzo, Cena, Dopo mezzanotte;-
https://www.tripadvisor.it/Restaurant_Review-g187874-d942704-Reviews-La_Cecchina-Bari_Province_of_Bari_Puglia.html;La Cecchina;Piazza Mercantile 31;70122, Bari,;$$ - $$$, Italiana, Per vegetariani, Opzioni vegane;+39 080 521 4147;949;4;Per vegetariani, Opzioni vegane, Opzioni senza glutine;-;-
https://www.tripadvisor.it/Restaurant_Review-g187874-d1597034-Reviews-GIAMPAOLO_RISTORANTE_PIZZERIA-Bari_Province_of_Bari_Puglia.html;GIAMPAOLO RISTORANTE PIZZERIA;Via Lombardi, 18;Bari,;$$ - $$$, Italiana, Pizza, Pesce;+39 080 523 8828;625;4;Opzioni senza glutine, Per vegetariani;Pranzo, Cena, Dopo mezzanotte;-
https://www.tripadvisor.it/Restaurant_Review-g187874-d3952797-Reviews-Il_Gelatiere-Bari_Province_of_Bari_Puglia.html;Il Gelatiere;Viale Antonio Salandra 40;70124, Bari,;$, Pasticcerie e gelaterie;+39 329 678 0233;273;4.5;-;-;Certificato di EccellenzaVincitore 2015, 2017
https://www.tripadvisor.it/Restaurant_Review-g187874-d9751090-Reviews-Ciclatera_Sotto_Il_Mare-Bari_Province_of_Bari_Puglia.html;Ciclatera sotto il mare;Via Venezia 16;70122, Bari,;$$ - $$$, Italiana, Bar, Caffé;+39 375 569 5737;156;4.5;Per vegetariani;Pranzo, Cena, Brunch, Bevande;-
https://www.tripadvisor.it/Restaurant_Review-g187874-d10027668-Reviews-Gelateria_Gasperini_Dal_1936-Bari_Province_of_Bari_Puglia.html;Gelateria Gasperini Dal 1936;Corso Cavour 55;70121, Bari,;$$ - $$$, Pasticcerie e gelaterie, Per vegetariani;+39 080 524 0071;61;4;-;-;Certificato di EccellenzaVincitore 2018
https://www.tripadvisor.it/Restaurant_Review-g187874-d897062-Reviews-Osteria_Le_Arpie-Bari_Province_of_Bari_Puglia.html;Osteria Le Arpie;Vico Arco del Carmine 2;70122, Bari,;$$ - $$$, Italiana, Pesce, Mediterranea;+39 080 521 7988;660;4;Per vegetariani;-;-
https://www.tripadvisor.it/Restaurant_Review-g187874-d4458221-Reviews-Villa_de_Grecis_Eventi-Bari_Province_of_Bari_Puglia.html;Villa de Grecis;Via delle Murge 63;70124, Bari ;$$$$, Italiana, Pesce, Mediterranea;+39 080 504 5229;234;4.5;Per vegetariani, Opzioni vegane, Opzioni senza glutine;Pranzo, Cena;Certificato di EccellenzaVincitore 2016 - 2018
https://www.tripadvisor.it/Restaurant_Review-g187874-d9802280-Reviews-Mastro_Ciccio-Bari_Province_of_Bari_Puglia.html;Mastro Ciccio;Corso Vittorio Emanuele, 15;70122, Bari, ;$, Italiana, Pizza, Mediterranea;+39 080 521 0001;1732;4.5;Per vegetariani, Opzioni vegane;-;Certificato di EccellenzaVincitore 2017 - 2018
https://www.tripadvisor.it/Restaurant_Review-g187874-d3522092-Reviews-Caffe_Vergnano-Bari_Province_of_Bari_Puglia.html;Caffe Vergnano;Via Amendola 128 B;70126, Bari, ;$$ - $$$, Italiana, Bar, Caffé;+39 080 558 6586;549;4.5;Per vegetariani, Opzioni vegane, Opzioni senza glutine;Colazione, Pranzo, Cena, Brunch, Dopo mezzanotte;Certificato di EccellenzaVincitore 2015 - 2018
https://www.tripadvisor.it/Restaurant_Review-g187874-d3565577-Reviews-La_Ciclatera-Bari_Province_of_Bari_Puglia.html;La Ciclatera;Corte Colagualano 36;70122, Bari, ;$, Italiana, Bar, Caffé;+39 333 373 5155;451;4.5;Per vegetariani;-;Certificato di EccellenzaVincitore 2015 - 2018
https://www.tripadvisor.it/Restaurant_Review-g187874-d4476661-Reviews-Origini_Evento_in_Purezza-Bari_Province_of_Bari_Puglia.html;Origini Evento in Purezza;Via Don Luigi sturzo,29;Bari, ;$$ - $$$, Italiana, Mediterranea, Per vegetariani;+39 080 972 7051;545;4.5;Per vegetariani, Opzioni vegane, Opzioni senza glutine;Pranzo, Cena, Brunch, Dopo mezzanotte;Certificato di EccellenzaVincitore 2015 - 2018
https://www.tripadvisor.it/Restaurant_Review-g187874-d7289061-Reviews-Hagakure_Tatami_Yakiniku_Sushi-Bari_Province_of_Bari_Puglia.html;Hagakure -Tatami Yakiniku & Sushi;Via G. Posca, 7;70124, Bari, ;$$$$, Giapponese, Fusion;+39 080 202 5770;215;4.5;Giapponese, Fusion;Cena, Pranzo;Certificato di EccellenzaVincitore 2016 - 2018
https://www.tripadvisor.it/Restaurant_Review-g187874-d3210620-Reviews-Atena_Focacce-Bari_Province_of_Bari_Puglia.html;Atena Focacce;Via Scipione Crisanzio 8;70122, Bari, ;$, Italiana, Fast food, Gastronomia;+39 348 383 7725;294;4.5;Per vegetariani;-;Certificato di EccellenzaVincitore 2015 - 2018
https://www.tripadvisor.it/Restaurant_Review-g187874-d10140418-Reviews-Gola_Gourmet_Kitchen-Bari_Province_of_Bari_Puglia.html;Gola Gourmet Kitchen;Via Camillo Rosalba 47/K;70124, Bari, ;$$ - $$$, Italiana, Pesce, Mediterranea;+39 080 205 0983;513;4.5;Per vegetariani, Opzioni vegane, Opzioni senza glutine;-;Certificato di EccellenzaVincitore 2018
https://www.tripadvisor.it/Restaurant_Review-g187874-d10207243-Reviews-FishFizz-Bari_Province_of_Bari_Puglia.html;FishFizz;Via G. Posca, 43;70124, Bari, ;$$ - $$$, Italiana, Bar, Pesce;+39 340 661 1962;265;4.5;Italiana, Bar, Pesce, Birreria, Fusion;Pranzo, Cena, Brunch, Dopo mezzanotte, Bevande;Certificato di EccellenzaVincitore 2018
https://www.tripadvisor.it/Restaurant_Review-g187874-d3667573-Reviews-Gulp-Bari_Province_of_Bari_Puglia.html;Gulp;Via Pappacena, 24/A, 26, 4/G;70124, Bari, ;$$ - $$$, Italiana, Bar, Mediterranea;+39 080 975 8460;1218;4.5;Per vegetariani, Opzioni vegane, Opzioni senza glutine;-;Certificato di EccellenzaVincitore 2015 - 2018
https://www.tripadvisor.it/Restaurant_Review-g187874-d1892960-Reviews-Le_Giare_Ristorante-Bari_Province_of_Bari_Puglia.html;Le Giare Ristorante;Corso Alcide De Gasperi, 308 F;70125, Bari, ;$$ - $$$, Italiana, Contemporanea, Per vegetariani;+39 080 501 1383;238;4.5;Per vegetariani, Opzioni vegane, Opzioni senza glutine;-;Certificato di EccellenzaVincitore 2015 - 2018
https://www.tripadvisor.it/Restaurant_Review-g187874-d7716795-Reviews-Paoletti_Norcineria_ToscoPugliese-Bari_Province_of_Bari_Puglia.html;Paoletti - Norcineria ToscoPugliese;Via Giulio Petroni 37/C;70100, Bari, ;$$ - $$$, Italiana;+39 320 710 3608;309;4.5;-;Pranzo, Cena, Brunch;Certificato di EccellenzaVincitore 2017 - 2018
https://www.tripadvisor.it/Restaurant_Review-g187874-d3844537-Reviews-Rosticceria_Oriente-Bari_Province_of_Bari_Puglia.html;Rosticceria Oriente;Viale Orazio Flacco 40;70124, Bari, ;$, Italiana, Per vegetariani;+39 080 561 3194;393;4.5;Per vegetariani;Pranzo, Cena, Brunch, Dopo mezzanotte;Certificato di EccellenzaVincitore 2015 - 2018
https://www.tripadvisor.it/Restaurant_Review-g187874-d2561784-Reviews-Il_Grottino-Bari_Province_of_Bari_Puglia.html;Il Grottino;Via Francesco Rismondi 3;70123, Bari, ;$, Italiana, Pizza, Per vegetariani;+39 080 574 0970;427;4.5;Per vegetariani, Opzioni vegane;Cena, Dopo mezzanotte;Certificato di EccellenzaVincitore 2015 - 2018
https://www.tripadvisor.it/Restaurant_Review-g187874-d3167451-Reviews-Il_Bugigattolo-Bari_Province_of_Bari_Puglia.html;Il Bugigattolo;Via Gaetano Salvemini 97;70125, Bari, ;$, Italiana, Pizza, Per vegetariani;+39 340 151 7737;315;4.5;Per vegetariani, Opzioni vegane;Pranzo, Cena, Dopo mezzanotte;Certificato di EccellenzaVincitore 2015 - 2018
https://www.tripadvisor.it/Restaurant_Review-g187874-d2558992-Reviews-Hagakure_Fusion_e_Sushi-Bari_Province_of_Bari_Puglia.html;Hagakure - Fusion e Sushi;Via Giovanni Amendola 203;70126, Bari, ;$$$$, Giapponese, Pesce, Sushi;+39 080 548 4792;873;4.5;Per vegetariani, Opzioni senza glutine;-;Certificato di EccellenzaVincitore 2015 - 2018
https://www.tripadvisor.it/Restaurant_Review-g187874-d6717339-Reviews-La_Tana_Del_Polpo-Bari_Province_of_Bari_Puglia.html;La Tana Del Polpo;Via Vallisa 50-51;Bari, ;$$ - $$$, Italiana, Pesce, Mediterranea;+39 080 975 3338;3405;4.5;Per vegetariani, Opzioni senza glutine;Pranzo, Cena, Dopo mezzanotte;-
https://www.tripadvisor.it/Restaurant_Review-g187874-d2052711-Reviews-Braceria_Signorile-Bari_Province_of_Bari_Puglia.html;Braceria Signorile;Via Giulio Petroni 12;70124, Bari, ;$$ - $$$, Italiana, Steakhouse, Mediterranea;+39 080 542 6105;1041;4.5;Opzioni senza glutine;-;Certificato di EccellenzaVincitore 2015 - 2018
https://www.tripadvisor.it/Restaurant_Review-g187874-d13199822-Reviews-Le_Veronique_Einaudi-Bari_Province_of_Bari_Puglia.html;Le Veronique Einaudi;Viale Luigi Einaudi 93;70125, Bari, ;$$ - $$$, Francese, Birreria, Grill;+39 080 850 1216;127;4.5;-;Bevande, Pranzo, Cena;-
https://www.tripadvisor.it/Restaurant_Review-g187874-d4455100-Reviews-Black_White-Bari_Province_of_Bari_Puglia.html;Black & White;Piazza Mercantile nr. 77;70122, Bari, ;$$ - $$$, Pesce, Europea, Per vegetariani;+39 080 521 7193;1201;4.5;Per vegetariani, Opzioni vegane, Opzioni senza glutine;-;Certificato di EccellenzaVincitore 2015 - 2018
https://www.tripadvisor.it/Restaurant_Review-g187874-d11593087-Reviews-Lievito_Pizza_E_Dintorni-Bari_Province_of_Bari_Puglia.html;Lievito Pizza E Dintorni;Via Gaetano Salvemini, 14/D;70125, Bari, ;$$ - $$$, Italiana, Pizza, Per vegetariani;+39 080 917 9451;332;4.5;Per vegetariani, Opzioni vegane, Opzioni senza glutine;-;Certificato di EccellenzaVincitore 2018
https://www.tripadvisor.it/Restaurant_Review-g187874-d3773647-Reviews-Le_Nicchie-Bari_Province_of_Bari_Puglia.html;Le Nicchie;Vico Corsioli 11/b;70122, Bari, ;$$ - $$$, Italiana, Mediterranea, Europea;+39 080 883 5025;316;4.5;Per vegetariani, Opzioni vegane, Opzioni senza glutine;Pranzo, Cena, Brunch;Certificato di EccellenzaVincitore 2018
https://www.tripadvisor.it/Restaurant_Review-g187874-d1945625-Reviews-Ristorante_Opera-Bari_Province_of_Bari_Puglia.html;Ristorante Opera;Via Nicolò Piccinni 151;70122, Bari, ;$$ - $$$, Pesce, Per vegetariani, Opzioni vegane;+39 340 177 4153;577;4.5;Per vegetariani, Opzioni vegane, Opzioni senza glutine;-;-
https://www.tripadvisor.it/Restaurant_Review-g187874-d3329979-Reviews-El_Pedro-Bari_Province_of_Bari_Puglia.html;El Pedro;Via Nicolo' Piccinni 152;70122, Bari, ;$, Italiana, Mediterranea, Per vegetariani;0805211294-152;414;4.5;Per vegetariani, Opzioni vegane;Pranzo, Cena;Certificato di EccellenzaVincitore 2015 - 2018
https://www.tripadvisor.it/Restaurant_Review-g187874-d2356419-Reviews-Cibo-Bari_Province_of_Bari_Puglia.html;Cibo';Piazza Mercantile 29;70122, Bari, ;$, Italiana, Fast food, Mediterranea;+39 339 795 6736;768;4.5;Per vegetariani, Opzioni vegane;Cena, Dopo mezzanotte;Certificato di EccellenzaVincitore 2015 - 2018
https://www.tripadvisor.it/Restaurant_Review-g187874-d12434032-Reviews-Sensi_Food_Wine-Bari_Province_of_Bari_Puglia.html;Sensi Food & Wine;Via Orfeo Mazzitelli 258 C/D;70124, Bari, ;$$ - $$$, Italiana, Per vegetariani, Opzioni vegane;+39 080 865 1229;213;4.5;Per vegetariani, Opzioni vegane, Opzioni senza glutine;-;-
https://www.tripadvisor.it/Restaurant_Review-g187874-d2732987-Reviews-Pizzeria_Il_Rustico-Bari_Province_of_Bari_Puglia.html;Pizzeria Il Rustico;Via Quintino Sella 95;70122, Bari, ;$, Italiana, Per vegetariani;+39 080 521 6727;567;4;Per vegetariani;Cena, Dopo mezzanotte;Certificato di EccellenzaVincitore 2016 - 2018
https://www.tripadvisor.it/Restaurant_Review-g187874-d2480843-Reviews-Taiki_Japanese_Restaurant-Bari_Province_of_Bari_Puglia.html;Taiki Japanese Restaurant;Via Cardinal Agostino Ciasca, 25;70124, Bari, ;$$ - $$$, Giapponese, Pesce, Sushi;+39 080 568 1000;937;4.5;Per vegetariani, Opzioni senza glutine;-;Certificato di EccellenzaVincitore 2015 - 2018
https://www.tripadvisor.it/Restaurant_Review-g187874-d2297337-Reviews-Ristorante_Giannino-Bari_Province_of_Bari_Puglia.html;Ristorante Giannino;Via Leopardi 38;70126, Bari, ;$$$$, Gastronomia, Italiana, Pesce;+39 080 543 0448;477;4.5;Per vegetariani, Opzioni senza glutine;-;Certificato di EccellenzaVincitore 2015 - 2018
https://www.tripadvisor.it/Restaurant_Review-g187874-d1014272-Reviews-Ristorante_La_Muraya-Bari_Province_of_Bari_Puglia.html;Ristorante La Muraya;Corso Vittorio Emanuele II 140;70122, Bari, ;$$ - $$$, Italiana, Pesce, Mediterranea;+39 080 968 4581;712;4.5;Per vegetariani, Opzioni senza glutine;Pranzo, Cena;Certificato di EccellenzaVincitore 2015 - 2018
https://www.tripadvisor.it/Restaurant_Review-g187874-d12021023-Reviews-Yuzu_Sushi-Bari_Province_of_Bari_Puglia.html;Yuzu Sushi;Viale Papa Giovanni XXIII, 24;70124, Bari, ;$$ - $$$, Cinese, Giapponese, Tailandese;+39 080 896 4321;284;4.5;-;Pranzo, Cena;Certificato di EccellenzaVincitore 2018
https://www.tripadvisor.it/Restaurant_Review-g187874-d7728427-Reviews-GRILL_BURGER_HOUSE-Bari_Province_of_Bari_Puglia.html;GRILL BURGER HOUSE;Corso Vittorio Emanuele II 41;70122, Bari, ;$$ - $$$, Steakhouse, Americana, Birreria;+39 377 981 7806;324;4.5;Per vegetariani, Opzioni senza glutine;-;Certificato di EccellenzaVincitore 2016 - 2018
https://www.tripadvisor.it/Restaurant_Review-g187874-d3774169-Reviews-Rosmely_Brace_Abbracci-Bari_Province_of_Bari_Puglia.html;Rosmely Brace & Abbracci;Via Ada Negri 3;70129, Bari, ;$$ - $$$, Steakhouse, Barbecue, Grill;+39 346 790 0231;433;4.5;Opzioni senza glutine;-;Certificato di EccellenzaVincitore 2015 - 2018
https://www.tripadvisor.it/Restaurant_Review-g187874-d4023534-Reviews-Ristorante_Carducci-Bari_Province_of_Bari_Puglia.html;Ristorante Carducci;Via Giuseppe Capruzzi 326;70124, Bari, ;$$ - $$$, Italiana, Pesce, Mediterranea;+39 080 918 4709;348;4.5;Opzioni senza glutine, Per vegetariani, Opzioni vegane;-;Certificato di EccellenzaVincitore 2015 - 2018
https://www.tripadvisor.it/Restaurant_Review-g187874-d10356584-Reviews-B_5_Bistrot-Bari_Province_of_Bari_Puglia.html;B-5 Bistrot;Via De' Rossi 33-35;70122, Bari, ;$$ - $$$, Steakhouse, Birreria, Pub;+39 349 639 4246;128;4.5;Per vegetariani, Opzioni vegane;Pranzo, Cena, Brunch, Bevande;Certificato di EccellenzaVincitore 2018
https://www.tripadvisor.it/Restaurant_Review-g187874-d7809336-Reviews-Mezcla-Bari_Province_of_Bari_Puglia.html;Mezcla;Via Giuseppe Bozzi 53;70121, Bari, ;$$ - $$$, Asiatica, Fusion, Wine Bar;+39 080 698 2113;244;4.5;Per vegetariani, Opzioni vegane, Opzioni senza glutine;Pranzo, Cena, Brunch;Certificato di EccellenzaVincitore 2016 - 2018
https://www.tripadvisor.it/Restaurant_Review-g187874-d12976530-Reviews-Peppo-Bari_Province_of_Bari_Puglia.html;Peppo;Via Melo da Bari 233;70121, Bari, ;$$ - $$$, Italiana, Pesce, Mediterranea;+39 080 864 1684;316;4.5;Per vegetariani, Opzioni vegane, Opzioni senza glutine;-;-
https://www.tripadvisor.it/Restaurant_Review-g187874-d8459311-Reviews-Ghiotto_Panzerotto-Bari_Province_of_Bari_Puglia.html;Ghiotto Panzerotto;Viale Papa Pio XII, 43;70124, Bari, ;$$ - $$$, Pesce, Mediterranea, Gastronomia;+39 329 294 8244;413;4.5;Per vegetariani;-;-
https://www.tripadvisor.it/Restaurant_Review-g187874-d2696439-Reviews-La_Super_Pizza-Bari_Province_of_Bari_Puglia.html;La Super Pizza;Via N. ANGELINI 12;70124, Bari, ;$$ - $$$, Italiana, Pizza, Mediterranea;+39 393 970 7309;476;4;Per vegetariani, Opzioni vegane;Pranzo, Cena, Dopo mezzanotte;Certificato di EccellenzaVincitore 2015 - 2018
https://www.tripadvisor.it/Restaurant_Review-g187874-d1900148-Reviews-La_Uascezze-Bari_Province_of_Bari_Puglia.html;La Uascezze;Vico Sant'Agostino 2/3;70122, Bari, ;$$ - $$$, Italiana, Mediterranea, Per vegetariani;+39 080 523 6023;1593;4;Per vegetariani, Opzioni vegane, Opzioni senza glutine;Pranzo, Cena;Certificato di EccellenzaVincitore 2015 - 2018
https://www.tripadvisor.it/Restaurant_Review-g187874-d3684895-Reviews-Ristorante_Biancofiore-Bari_Province_of_Bari_Puglia.html;Ristorante Biancofiore;Corso Vittorio Emanuele II, 13;70122, Bari, ;$$$$, Italiana, Pesce, Mediterranea;+39 340 894 6354;1605;4.5;Per vegetariani, Opzioni senza glutine;-;-
https://www.tripadvisor.it/Restaurant_Review-g187874-d4063291-Reviews-L_Albero_Che-Bari_Province_of_Bari_Puglia.html;L'Albero Che...;Via Pasubio, 101;70125, Bari, ;$$ - $$$, Italiana;+39 080 542 5776;247;4;-;Cena, Dopo mezzanotte;Certificato di EccellenzaVincitore 2015 - 2018
https://www.tripadvisor.it/Restaurant_Review-g187874-d4016436-Reviews-Botta-Bari_Province_of_Bari_Puglia.html;Botta;Via Gian Giuseppe Carulli 71;70121, Bari, ;$, Italiana, Pizza, Mediterranea;+39 080 558 8603;256;4.5;Per vegetariani, Opzioni vegane;Cena, Dopo mezzanotte;Certificato di EccellenzaVincitore 2015 - 2018
https://www.tripadvisor.it/Restaurant_Review-g187874-d12401292-Reviews-Lady_Mastro-Bari_Province_of_Bari_Puglia.html;Lady Mastro;Via G. Posca 23/25;70124, Bari, ;$, Pizza, Fast food, Cibo di strada;+39 080 561 8034;59;5;-;Pranzo, Cena, Bevande;-
https://www.tripadvisor.it/Restaurant_Review-g187874-d6850037-Reviews-Panificio_el_Focacciaro-Bari_Province_of_Bari_Puglia.html;Panificio el Focacciaro;Via Salvatore Cognetti 43;70121, Bari, ;$, Italiana, Per vegetariani, Opzioni vegane;+39 080 554 0998;173;4.5;Per vegetariani, Opzioni vegane;Colazione, Pranzo, Cena, Brunch;Certificato di EccellenzaVincitore 2016 - 2018
https://www.tripadvisor.it/Restaurant_Review-g187874-d2026740-Reviews-U_gnore-Bari_Province_of_Bari_Puglia.html;u gnore;Corso Alcide De Gasperi 296;70125, Bari, ;$$ - $$$, Italiana, Pesce;+39 080 502 4529;415;4;-;Pranzo, Cena, Dopo mezzanotte;Certificato di EccellenzaVincitore 2016 - 2018
https://www.tripadvisor.it/Restaurant_Review-g187874-d2322222-Reviews-Osteria_Sopravento_da_Sergione-Bari_Province_of_Bari_Puglia.html;Osteria Sopravento da Sergione;Strada Vallisa, 56;70122, Bari, ;$, Italiana, Mediterranea, Per vegetariani;+39 335 630 1019;414;4;Per vegetariani;-;Certificato di EccellenzaVincitore 2015 - 2018
https://www.tripadvisor.it/Restaurant_Review-g187874-d2276763-Reviews-Shodai-Bari_Province_of_Bari_Puglia.html;Shodai;Piazza Giuseppe Massari 23;70122, Bari, ;$$ - $$$, Giapponese, Pesce, Sushi;+39 080 528 3589;577;4;Per vegetariani, Opzioni vegane, Opzioni senza glutine;Pranzo, Cena;Certificato di EccellenzaVincitore 2015 - 2018
https://www.tripadvisor.it/Restaurant_Review-g187874-d2172438-Reviews-La_Bul-Bari_Province_of_Bari_Puglia.html;La Bul;Via Pasquale Villari 52;70122, Bari, ;$$$$, Italiana, Pesce, Mediterranea;+39 080 523 0576;327;4.5;Per vegetariani;Pranzo, Cena, Dopo mezzanotte;Certificato di EccellenzaVincitore 2015 - 2018
https://www.tripadvisor.it/Restaurant_Review-g187874-d1774416-Reviews-Restaurant_Al_Raffaello-Bari_Province_of_Bari_Puglia.html;Al Raffaello;Via Principe Amedeo 222;70122, Bari, ;$$ - $$$, Italiana, Pizza, Pesce;+39 347 531 3764;372;4;Per vegetariani, Opzioni vegane, Opzioni senza glutine;-;Certificato di EccellenzaVincitore 2015, 2017 - 2018
https://www.tripadvisor.it/Restaurant_Review-g187874-d2437226-Reviews-Al_Paradise-Bari_Province_of_Bari_Puglia.html;Al Paradise;Lungomare Tenente Noviello, 9;70100, Bari, ;$$ - $$$, Italiana, Pizza, Pesce;+39 080 530 6607;450;4;Per vegetariani, Opzioni vegane, Opzioni senza glutine;Pranzo, Cena, Dopo mezzanotte;Certificato di EccellenzaVincitore 2016 - 2018
https://www.tripadvisor.it/Restaurant_Review-g187874-d12321130-Reviews-Koi_Sushi_Restaurant-Bari_Province_of_Bari_Puglia.html;Koi Sushi Restaurant;Via De' Rossi 31;70122, Bari, ;$$ - $$$, Giapponese, Sushi, Asiatica;+39 080 864 5576;223;4.5;Per vegetariani, Opzioni vegane, Opzioni senza glutine;-;-
https://www.tripadvisor.it/Restaurant_Review-g187874-d2398352-Reviews-Taverna_Caprese-Bari_Province_of_Bari_Puglia.html;Taverna Caprese;Via Nicolai 79;70122, Bari, ;$$ - $$$, Mediterranea, Italiana, Pizza;+39 080 321 6776;400;4;Per vegetariani, Opzioni vegane;Pranzo, Cena, Dopo mezzanotte;Certificato di EccellenzaVincitore 2016 - 2018
https://www.tripadvisor.it/Restaurant_Review-g187874-d11871638-Reviews-Osteria_Villari-Bari_Province_of_Bari_Puglia.html;Osteria Villari;Via Pasquale Villari, 54;70122, Bari, ;$$ - $$$, Italiana, Steakhouse, Mediterranea;+39 328 413 2630;181;4.5;Per vegetariani, Opzioni senza glutine;Pranzo, Cena, Bevande;Certificato di EccellenzaVincitore 2018
https://www.tripadvisor.it/Restaurant_Review-g187874-d11916364-Reviews-Sushi_Lin-Bari_Province_of_Bari_Puglia.html;Sushi Lin;Viale Unità d'Italia 87;70125, Bari, ;$$ - $$$, Cinese, Giapponese, Sushi;+39 333 398 0909;273;4;Per vegetariani;-;Certificato di EccellenzaVincitore 2018
https://www.tripadvisor.it/Restaurant_Review-g187874-d10336772-Reviews-Miku_Sushi-Bari_Province_of_Bari_Puglia.html;Miku Sushi;Via Gaetano Postiglione 2 E/F;70126, Bari, ;$$ - $$$, Cinese, Giapponese, Sushi;+39 366 977 6059;471;4;-;Pranzo, Cena;Certificato di EccellenzaVincitore 2018
https://www.tripadvisor.it/Restaurant_Review-g187874-d3795097-Reviews-Fermento_Birreria-Bari_Province_of_Bari_Puglia.html;Fermento Birreria;Via Mauro Amoruso 59/61;70124, Bari, ;$$ - $$$, Italiana, Bar, Pub;+39 080 561 1936;241;4;-;Cena, Dopo mezzanotte, Bevande;Certificato di EccellenzaVincitore 2015 - 2018
https://www.tripadvisor.it/Restaurant_Review-g187874-d2527646-Reviews-Factory_Pub-Bari_Province_of_Bari_Puglia.html;Factory Pub;Via Luigi Milella 33;70124, Bari, ;$, Bar, Pub, Birreria;+39 080 237 5446;940;4;-;Cena;Certificato di EccellenzaVincitore 2015 - 2018
https://www.tripadvisor.it/Restaurant_Review-g187874-d13148352-Reviews-Venezia_40-Bari_Province_of_Bari_Puglia.html;Venezia 40;Via Venezia San Nicola 40;70122, Bari, ;$, Italiana, Mediterranea, Per vegetariani;+39 340 812 9172;64;5;Per vegetariani;Cena;-
https://www.tripadvisor.it/Restaurant_Review-g187874-d9607226-Reviews-Tiella-Bari_Province_of_Bari_Puglia.html;Tiella;Via Salvatore Cognetti 11/13;70121, Bari, ;$$ - $$$, Italiana, Pizza, Mediterranea;+39 080 523 6960;357;4;Per vegetariani, Opzioni vegane, Opzioni senza glutine;Pranzo, Cena, Bevande;Certificato di EccellenzaVincitore 2017 - 2018
https://www.tripadvisor.it/Restaurant_Review-g659608-d11829040-Reviews-Pizzeria_Pitta_La_Pizza_Col_Sorriso-Giovinazzo_Province_of_Bari_Puglia.html;Pizzeria Pitta La Pizza Col Sorriso ;Via Tenente de Venuto 42/44;70054 Giovinazzo, ;$$ - $$$, Italiana, Pizza, Mediterranea;+39 080 394 3772;718;5;Per vegetariani, Opzioni vegane;Cena;Certificato di EccellenzaVincitore 2018
https://www.tripadvisor.it/Attraction_Review-g635875-d6525724-Reviews-Pescheria_Da_Pasqualino-Polignano_a_Mare_Province_of_Bari_Puglia.html;Pescheria Da Pasqualino ;Cala Paura;70044 Polignano a Mare, ;$, Pesce;+39 328 024 9022;90;5;-;Pranzo;Certificato di EccellenzaVincitore 2018
https://www.tripadvisor.it/Restaurant_Review-g580227-d10601143-Reviews-Trulli_e_Puglia_Wine_Bar-Alberobello_Province_of_Bari_Puglia.html;Trulli e Puglia Wine Bar ;Piazza Gabriele d'Annunzio 3;70011, Alberobello, ;$$ - $$$, Bar, Birreria, Wine Bar;+39 347 553 8539;481;5;Per vegetariani, Opzioni senza glutine;Colazione, Pranzo, Cena, Brunch, Bevande;Certificato di EccellenzaVincitore 2018
https://www.tripadvisor.it/Restaurant_Review-g1972538-d7599885-Reviews-Ristorante_Pizzeria_Stella_Maris-Santeramo_in_Colle_Province_of_Bari_Puglia.html;Ristorante Pizzeria Stella Maris ;Via San Vincenzo De Paoli 1;70029, Santeramo in Colle, ;$$ - $$$, Pesce, Italiana, Pizza;+39 327 069 7249;283;4.5;-;Cena, Pranzo;Certificato di EccellenzaVincitore 2018
https://www.tripadvisor.it/Restaurant_Review-g1080433-d3859788-Reviews-Scinua-Putignano_Province_of_Bari_Puglia.html;Scinuà …;Via Santa Lucia 18;70017 Putignano, ;$$ - $$$, Italiana, Mediterranea, Europea;+39 080 405 8430;744;5;Per vegetariani, Opzioni vegane, Opzioni senza glutine;Pranzo, Cena, Dopo mezzanotte;Certificato di EccellenzaVincitore 2015 - 2018
https://www.tripadvisor.it/Restaurant_Review-g667173-d9553031-Reviews-Teatro_del_Gusto-Altamura_Province_of_Bari_Puglia.html;Il Teatro del Gusto ;Piazza Mercadante, 9;70022 Altamura, ;$, Italiana, Birreria, Mediterranea;+39 392 181 9267;140;5;Per vegetariani, Opzioni vegane;-;Certificato di EccellenzaVincitore 2018
https://www.tripadvisor.it/Restaurant_Review-g667173-d7168543-Reviews-Artemura-Altamura_Province_of_Bari_Puglia.html;Artemura ;Via Caduti di Nassirya 174;70022 Altamura, ;$$ - $$$, Italiana, Gastropub, Per vegetariani;+39 320 326 4205;248;5;Per vegetariani, Opzioni vegane, Opzioni senza glutine;-;Certificato di EccellenzaVincitore 2016 - 2018
https://www.tripadvisor.it/Restaurant_Review-g1028921-d4555480-Reviews-Lady_Tiffany_Ricevimenti-Ruvo_Di_Puglia_Province_of_Bari_Puglia.html;Lady Tiffany Ricevimenti ;Contrada Cicchetto, 231;70037 Ruvo Di Puglia, ;$$$$, Italiana, Mediterranea, Internazionale;+39 340 786 8518;136;5;-;Pranzo, Cena;Certificato di EccellenzaVincitore 2017 - 2018
https://www.tripadvisor.it/Restaurant_Review-g635875-d7807050-Reviews-Joya_Canti_di_Stagione-Polignano_a_Mare_Province_of_Bari_Puglia.html;Joya Canti di Stagione ;Via Gelso 1;70044 Polignano a Mare, ;$, Bar, Italiana, Per vegetariani;+39 338 240 5425;383;5;Per vegetariani, Opzioni vegane, Opzioni senza glutine;Dopo mezzanotte, Colazione;Certificato di EccellenzaVincitore 2016 - 2018
https://www.tripadvisor.it/Restaurant_Review-g1972586-d14774959-Reviews-Il_Quarto_Storto_Trattoria-Bitonto_Province_of_Bari_Puglia.html;Il Quarto Storto - Trattoria ;Via G. Rogadeo 62/64;70032, Bitonto, ;$, Italiana, Mediterranea, Gastronomia;+39 080 645 5468;103;5; ;Pranzo, Cena;-
https://www.tripadvisor.it/Restaurant_Review-g1077046-d1049671-Reviews-Osteria_Cucco-Gravina_in_Puglia_Province_of_Bari_Puglia.html;Osteria Cucco ;Piazza Pellicciari, 4;70024 Gravina in Puglia, ;$$ - $$$, Italiana, Pesce, Mediterranea;+39 080 326 8432;227;5;Per vegetariani, Opzioni vegane, Opzioni senza glutine;-;Certificato di EccellenzaVincitore 2015 - 2017
https://www.tripadvisor.it/Restaurant_Review-g651999-d4340264-Reviews-Masseria_Papaperta-Castellana_Grotte_Province_of_Bari_Puglia.html;Masseria Papaperta ;Strada Statale 172, Km. 27,900;70013 Castellana Grotte, ;$$ - $$$, Italiana, Mediterranea, Europea;+39 333 255 4061;375;4.5;Per vegetariani, Opzioni vegane, Opzioni senza glutine;Pranzo, Cena, Brunch;Certificato di EccellenzaVincitore 2015 - 2018
https://www.tripadvisor.it/Restaurant_Review-g1028701-d12069807-Reviews-Agriturismo_Posta_Mangieri-Corato_Province_of_Bari_Puglia.html;Agriturismo Posta Mangieri ;Strada Esterna Piede Piccolo Km 7;70033 Corato, ;$$ - $$$, Italiana, Mediterranea, Per vegetariani;+39 080 214 9988;166;5;Per vegetariani, Opzioni vegane, Opzioni senza glutine;-;Certificato di EccellenzaVincitore 2018
https://www.tripadvisor.it/Restaurant_Review-g1028701-d12883494-Reviews-La_Polpetteria_Apulian_Street_Food-Corato_Province_of_Bari_Puglia.html;La Polpetteria Apulian Street Food ;Via Colummella 23;70033 Corato, ;$, Fast food, Italiana, Per vegetariani;+39 339 825 0499;135;5;Per vegetariani, Opzioni vegane, Opzioni senza glutine;Pranzo, Cena;-
https://www.tripadvisor.it/Restaurant_Review-g1056127-d10700042-Reviews-L_Arco_dei_Tipici-Locorotondo_Province_of_Bari_Puglia.html;L'Arco dei Tipici ;Via Vittorio Veneto, 126;70010 Locorotondo, ;$$ - $$$, Italiana, Mediterranea, Gastronomia;+39 393 902 6815;101;5;Per vegetariani, Opzioni senza glutine;Brunch, Pranzo, Cena, Bevande;Certificato di EccellenzaVincitore 2018
https://www.tripadvisor.it/Restaurant_Review-g1076903-d2701869-Reviews-Ristorante_Menelao_a_Santa_Chiara-Turi_Province_of_Bari_Puglia.html;Menelao a Santa Chiara ;Sedile, 46;70010 Turi, ;$$$$, Italiana, Pesce, Per vegetariani;+39 080 891 1897;225;5;Per vegetariani, Opzioni senza glutine;Pranzo, Cena, Dopo mezzanotte;Certificato di EccellenzaVincitore 2015 - 2018
https://www.tripadvisor.it/Restaurant_Review-g1996641-d12157855-Reviews-Ianne_Ristorante_Wine_Bar-Valenzano_Province_of_Bari_Puglia.html;Ianne Ristorante Wine Bar ;Piazza Vecchia 11;70010 Valenzano, ;$$ - $$$, Per vegetariani, Opzioni senza glutine;+39 080 467 1380;124;5;-;Pranzo, Cena;Certificato di EccellenzaVincitore 2018
https://www.tripadvisor.it/Restaurant_Review-g1028701-d9993317-Reviews-Procacci_Ristorante-Corato_Province_of_Bari_Puglia.html;Procacci Ristorante ;Corso Garibaldi, 160;70033 Corato, ;$$$$, Italiana, Pesce, Mediterranea;+39 080 332 7144;132;4.5;-;Pranzo, Cena;Certificato di EccellenzaVincitore 2017 - 2018
https://www.tripadvisor.it/Restaurant_Review-g652003-d13219418-Reviews-Metae_Ristorante-Monopoli_Province_of_Bari_Puglia.html;Metae Ristorante ;Via dell'Erba, 63;70043, Monopoli, ;$$ - $$$, Italiana, Europea, Per vegetariani;+39 080 869 7060;249;5;Per vegetariani, Opzioni vegane, Opzioni senza glutine;-;-
https://www.tripadvisor.it/Restaurant_Review-g1057217-d7802533-Reviews-Fe_Ristorante-Noci_Province_of_Bari_Puglia.html;Fè Ristorante ;Via Giulio Pastore, 2;70015 Noci, ;$$$$, Italiana, Contemporanea, Opzioni vegane;+39 080 321 5963;334;5;Opzioni vegane, Per vegetariani;Pranzo, Cena;Certificato di EccellenzaVincitore 2016 - 2018
https://www.tripadvisor.it/Restaurant_Review-g1057217-d5312482-Reviews-Masseria_Bonelli-Noci_Province_of_Bari_Puglia.html;Masseria Bonelli ;S.P. 116 Noci Castellaneta, Km. 10,4;Noci, ;$$$$, Per vegetariani, Opzioni vegane, Opzioni senza glutine;+39 335 623 9598;188;4.5;-;Pranzo, Cena, Brunch;Certificato di EccellenzaVincitore 2015 - 2018
https://www.tripadvisor.it/Restaurant_Review-g1077046-d10221679-Reviews-Gasoline-Gravina_in_Puglia_Province_of_Bari_Puglia.html;Gasoline ;Piazza Bruno Buozzi 27-28;70024 Gravina in Puglia, ;$, Italiana, Mediterranea, Per vegetariani;+39 340 973 9104;127;4.5;Per vegetariani, Opzioni vegane, Opzioni senza glutine;Pranzo, Cena, Brunch;Certificato di EccellenzaVincitore 2018
https://www.tripadvisor.it/Restaurant_Review-g635875-d4411002-Reviews-Mint_Cucina_Fresca-Polignano_a_Mare_Province_of_Bari_Puglia.html;Mint Cucina Fresca ;Via San Benedetto, 32;70044 Polignano a Mare, ;$$ - $$$, Salutistica, Per vegetariani, Opzioni vegane;+39 080 424 1373;1163;4.5;Per vegetariani, Opzioni vegane, Opzioni senza glutine;-;Certificato di EccellenzaVincitore 2015 - 2018
https://www.tripadvisor.it/Restaurant_Review-g652003-d8352463-Reviews-Magnapulia-Monopoli_Province_of_Bari_Puglia.html;Magnapulia ;Via Giuseppe Garibaldi 37;70043, Monopoli, ;$, Italiana, Mediterranea, Gastronomia;+39 329 792 3056;171;4.5;Per vegetariani, Opzioni vegane;-;Certificato di EccellenzaVincitore 2017 - 2018
https://www.tripadvisor.it/Restaurant_Review-g2153864-d2152306-Reviews-La_Grigliata-Acquaviva_delle_Fonti_Province_of_Bari_Puglia.html;La Grigliata ;Via Ciro Menotti 57;70021 Acquaviva delle Fonti, ;$, Italiana, Barbecue, Opzioni senza glutine;+39 080 757677;795;4.5;Opzioni senza glutine;Pranzo, Cena, Dopo mezzanotte;Certificato di EccellenzaVincitore 2015 - 2018
https://www.tripadvisor.it/Restaurant_Review-g1080433-d12226830-Reviews-Ristorante_Angelo_Sabatelli-Putignano_Province_of_Bari_Puglia.html;Ristorante Angelo Sabatelli ;Via Santa Chiara 1;70017 Putignano, ;$$$$, Italiana, Pesce, Mediterranea;+39 080 405 2733;127;4.5;Per vegetariani, Opzioni vegane, Opzioni senza glutine;-;Certificato di EccellenzaVincitore 2018
https://www.tripadvisor.it/Restaurant_Review-g1028921-d4749470-Reviews-Mezza_Pagnotta_cucina_etnobotanica-Ruvo_Di_Puglia_Province_of_Bari_Puglia.html;Mezza Pagnotta- cucina etnobotanica ;Via Rosario 11;70037 Ruvo Di Puglia, ;$$ - $$$, Italiana, Mediterranea, Per vegetariani;+39 347 999 6475;378;4.5;Per vegetariani, Opzioni vegane, Opzioni senza glutine;Pranzo, Brunch, Cena;Certificato di EccellenzaVincitore 2015 - 2018
https://www.tripadvisor.it/Restaurant_Review-g1080433-d4455780-Reviews-Dal_Mollusco-Putignano_Province_of_Bari_Puglia.html;Dal Mollusco ;Via Conversano 78;70017 Putignano, ;$$ - $$$, Italiana, Pesce, Mediterranea;+39 080 491 3216;712;5;Per vegetariani, Opzioni vegane, Opzioni senza glutine;-;Certificato di EccellenzaVincitore 2015 - 2018
https://www.tripadvisor.it/Restaurant_Review-g1056127-d11644254-Reviews-Controra-Locorotondo_Province_of_Bari_Puglia.html;Controra ;Via Nardelli 67;70010 Locorotondo, ;$$ - $$$, Italiana, Mediterranea, Per vegetariani;+39 339 687 4169;180;4.5;Per vegetariani, Opzioni vegane, Opzioni senza glutine;Pranzo, Cena, Brunch;Certificato di EccellenzaVincitore 2018
https://www.tripadvisor.it/Restaurant_Review-g1077046-d13091874-Reviews-Osteria_Radici-Gravina_in_Puglia_Province_of_Bari_Puglia.html;osteria radici ;Via Fontana la Stella 39;70024 Gravina in Puglia, ;$$ - $$$, Italiana, Per vegetariani, Opzioni vegane;+39 080 902 4603;240;4.5;Per vegetariani, Opzioni vegane, Opzioni senza glutine;-;-
https://www.tripadvisor.it/Restaurant_Review-g667173-d7113250-Reviews-Agriturismo_Mura-Altamura_Province_of_Bari_Puglia.html;Agriturismo Murà;S.P. 79 Cassano - Altamura, km 10.700;70022 Altamura, ;$$ - $$$, Italiana, Per vegetariani, Opzioni senza glutine;+39 080 995 8769;226;4.5;Per vegetariani, Opzioni senza glutine;-;Certificato di EccellenzaVincitore 2016 - 2018
https://www.tripadvisor.it/Restaurant_Review-g651999-d8545831-Reviews-Cesarino_36-Castellana_Grotte_Province_of_Bari_Puglia.html;Cesarino 36 ;Via Conversano, 64;70013 Castellana Grotte, ;$$ - $$$, Italiana, Mediterranea, Pesce;+39 080 237 3691;332;4.5;Per vegetariani, Opzioni vegane, Opzioni senza glutine;-;Certificato di EccellenzaVincitore 2017 - 2018
https://www.tripadvisor.it/Restaurant_Review-g580227-d8678461-Reviews-Evo_Ristorante-Alberobello_Province_of_Bari_Puglia.html;Evo Ristorante ;Via Papa Giovanni XXIII 1;70011, Alberobello, ;$$ - $$$, Italiana, Pesce, Mediterranea;+39 320 848 1230;546;4.5;Per vegetariani, Opzioni vegane;-;Certificato di EccellenzaVincitore 2018
https://www.tripadvisor.it/Restaurant_Review-g580227-d1526258-Reviews-La_Cantina-Alberobello_Province_of_Bari_Puglia.html;La Cantina ;Vico Francesco Lippolis 8;Alberobello, ;$$ - $$$, Italiana, Mediterranea, Per vegetariani;+39 080 432 3473;2038;4.5;Per vegetariani, Opzioni vegane, Opzioni senza glutine;Pranzo, Cena, Dopo mezzanotte;Certificato di EccellenzaVincitore 2015 - 2018
https://www.tripadvisor.it/Restaurant_Review-g1972586-d10725168-Reviews-Mangianastro-Bitonto_Province_of_Bari_Puglia.html;Mangianastro ;Via Nicola Logroscino 12;70032, Bitonto, ;$$ - $$$, Italiana, Pesce, Mediterranea;+39 080 968 0951;168;4.5;Per vegetariani, Opzioni vegane, Opzioni senza glutine;-;Certificato di EccellenzaVincitore 2018
https://www.tripadvisor.it/Restaurant_Review-g1077046-d2265979-Reviews-Ristorante_Tracce-Gravina_in_Puglia_Province_of_Bari_Puglia.html;Ristorante Tracce ;Via Borgo;70024 Gravina in Puglia, ;$$$$, Pesce, Italiana, Mediterranea;+39 080 326 9786;341;4.5;Per vegetariani, Opzioni vegane, Opzioni senza glutine;-;Certificato di EccellenzaVincitore 2015 - 2018
https://www.tripadvisor.it/Restaurant_Review-g651999-d1536882-Reviews-Osteria_del_Caroseno-Castellana_Grotte_Province_of_Bari_Puglia.html;Osteria del Caroseno ;Via Santomagno 18;70013 Castellana Grotte, ;$$ - $$$, Italiana, Mediterranea, Per vegetariani;+39 368 748 8468;1154;4.5;Per vegetariani, Opzioni vegane, Opzioni senza glutine;Pranzo, Cena, Brunch, Dopo mezzanotte;Certificato di EccellenzaVincitore 2015 - 2018
https://www.tripadvisor.it/Restaurant_Review-g1204632-d3858748-Reviews-Pietraluna-Cassano_delle_Murge_Province_of_Bari_Puglia.html;Pietraluna ;Via per Mercadante;70020 Cassano delle Murge, ;$$$$, Italiana, Mediterranea, Gastronomia;+39 080 346 6058;242;4.5;Italiana, Mediterranea, Gastronomia;Pranzo, Cena;Certificato di EccellenzaVincitore 2015 - 2017
https://www.tripadvisor.it/Restaurant_Review-g652003-d10506876-Reviews-La_Tana_del_Luppolo-Monopoli_Province_of_Bari_Puglia.html;La Tana del Luppolo ;Via Cadorna, 10;70043, Monopoli, ;$, Italiana, Birreria, Bar;+39 393 909 3136;176;4.5;Per vegetariani, Opzioni vegane;-;Certificato di EccellenzaVincitore 2018
https://www.tripadvisor.it/Restaurant_Review-g1057217-d3468523-Reviews-Al_Boschetto-Noci_Province_of_Bari_Puglia.html;Al Boschetto ;Via Zona A, 30;70015 Noci, ;$$ - $$$, Italiana, Pizza, Mediterranea;+39 080 497 7979;502;4.5;Per vegetariani;Pranzo, Cena, Dopo mezzanotte;Certificato di EccellenzaVincitore 2015 - 2018
https://www.tripadvisor.it/Restaurant_Review-g635875-d2257483-Reviews-Osteria_PIGA-Polignano_a_Mare_Province_of_Bari_Puglia.html;Osteria PIGA ;via don Lorenzo milani 21;70044 Polignano a Mare, ;$$ - $$$, Italiana, Mediterranea, Per vegetariani;+39 080 424 8751;635;4.5;Per vegetariani, Opzioni senza glutine;-;Certificato di EccellenzaVincitore 2017 - 2018
https://www.tripadvisor.it/Restaurant_Review-g1056127-d12079131-Reviews-Leonardo_ArteCibo_Restaurant-Locorotondo_Province_of_Bari_Puglia.html;Leonardo ArteCibo Restaurant ;S.C. 54 Contrada Semeraro 107;70010 Locorotondo, ;$$$$, Italiana, Mediterranea, Per vegetariani;+39 080 431 6298;75;5;Per vegetariani, Opzioni vegane, Opzioni senza glutine;-;Certificato di EccellenzaVincitore 2018
https://www.tripadvisor.it/Restaurant_Review-g652003-d12516705-Reviews-Il_Brigante_Trattoria-Monopoli_Province_of_Bari_Puglia.html;Il Brigante Trattoria ;Via Cavaliere 17;70043, Monopoli, ;$$$$, Italiana, Pesce, Mediterranea;+39 333 542 2888;614;4.5;Per vegetariani, Opzioni vegane, Opzioni senza glutine;-;-
https://www.tripadvisor.it/Restaurant_Review-g2620316-d2616624-Reviews-Taverna_del_Borghese-Palo_del_Colle_Province_of_Bari_Puglia.html;Taverna del Borghese ;P.zza Armando Diaz, 28;70027 Palo del Colle, ;$$ - $$$, Barbecue, Per vegetariani, Opzioni vegane;+39 080 248 3221;287;4.5;Per vegetariani, Opzioni vegane, Opzioni senza glutine;-;Certificato di EccellenzaVincitore 2015 - 2018
https://www.tripadvisor.it/Restaurant_Review-g1056127-d9730080-Reviews-Pietranuda-Locorotondo_Province_of_Bari_Puglia.html;Pietranuda ;Via Martina Franca 25;70010 Locorotondo, ;$$ - $$$, Steakhouse;+39 328 795 6568;209;4.5;-;Pranzo, Cena, Brunch;Certificato di EccellenzaVincitore 2017 - 2018
https://www.tripadvisor.it/Restaurant_Review-g2222147-d6528933-Reviews-Centoundici_Emporiogastronomico-Capurso_Province_of_Bari_Puglia.html;Centoundici Emporiogastronomico ;Via Madonna delle Grazie, 111;70010 Capurso, ;$$ - $$$, Italiana;+39 080 455 3289;175;4.5;-;Cena;Certificato di EccellenzaVincitore 2016 - 2018
https://www.tripadvisor.it/Restaurant_Review-g1077046-d3454008-Reviews-Osteria_Sant_Agostino-Gravina_in_Puglia_Province_of_Bari_Puglia.html;Osteria Sant'Agostino ;Corso Vittorio Emanuele 12;70024 Gravina in Puglia, ;$$ - $$$, Italiana, Mediterranea, Opzioni vegane;+39 339 185 4418;681;4.5;Opzioni vegane, Per vegetariani;-;Certificato di EccellenzaVincitore 2015 - 2018
https://www.tripadvisor.it/Restaurant_Review-g1054621-d6541828-Reviews-Il_Barbarossa-Gioia_del_Colle_Province_of_Bari_Puglia.html;Il Barbarossa ;Corso Cavour 24;70023 Gioia del Colle, ;$, Pesce, Italiana, Mediterranea;+39 333 725 9037;255;4.5;Per vegetariani, Opzioni vegane, Opzioni senza glutine;Pranzo, Cena;Certificato di EccellenzaVincitore 2016 - 2018
https://www.tripadvisor.it/Restaurant_Review-g1057217-d8133276-Reviews-Masseria_Mansueto-Noci_Province_of_Bari_Puglia.html;Masseria Mansueto ;Strada Noci Mottola;70015 Noci, ;$$ - $$$, Italiana, Per vegetariani, Opzioni vegane;+39 339 880 1808;171;4.5;Per vegetariani, Opzioni vegane, Opzioni senza glutine;Pranzo, Cena, Brunch;Certificato di EccellenzaVincitore 2017 - 2018
https://www.tripadvisor.it/Restaurant_Review-g580227-d6950148-Reviews-Trattoria_Terra_Madre-Alberobello_Province_of_Bari_Puglia.html;Trattoria Terra Madre ;Piazza Sacramento 17;70011, Alberobello, ;$$ - $$$, Italiana, Mediterranea;+39 080 432 4326;1076;4.5;-;Pranzo, Cena, Dopo mezzanotte;Certificato di EccellenzaVincitore 2016 - 2018
https://www.tripadvisor.it/Restaurant_Review-g187874-d2195245-Reviews-Pizzeria_da_Donato-Bari_Province_of_Bari_Puglia.html;Pizzeria Da Donato;Via Lattanzio Francesco, 59;70126, Bari,;$$ - $$$, Italiana, Pizza, Mediterranea;+39 080 554 2903;1093;4;Per vegetariani, Opzioni vegane, Opzioni senza glutine;Cena, Dopo mezzanotte;Certificato di EccellenzaVincitore 2016, 2018
https://www.tripadvisor.it/Restaurant_Review-g187874-d6557072-Reviews-Bilabi-Bari_Province_of_Bari_Puglia.html;Bilabi;Via Adolfo Omodeo 12;70125, Bari,;$$ - $$$, Bar, Mediterranea, Pub;+39 080 897 6081;420;4;Per vegetariani, Opzioni vegane, Opzioni senza glutine;-;Certificato di EccellenzaVincitore 2017
https://www.tripadvisor.it/Restaurant_Review-g187874-d4763299-Reviews-Gadi-Bari_Province_of_Bari_Puglia.html;Gadì;Via Nicolo' Piccinni 14;70122, Bari,;Pasticcerie e gelaterie, Italiana;-;64;4.5;-;Pranzo, Brunch;Certificato di EccellenzaVincitore 2016
https://www.tripadvisor.it/Restaurant_Review-g187874-d11705746-Reviews-Osteria_Antichi_Sapori-Bari_Province_of_Bari_Puglia.html;Osteria Antichi Sapori;Via Re Manfredi 16;70122, Bari,;$$ - $$$, Italiana, Pesce, Mediterranea;+39 366 144 3881;139;3.5;Per vegetariani;Pranzo, Cena, Bevande;-
https://www.tripadvisor.it/Restaurant_Review-g187874-d2063993-Reviews-L_Osteria_Dei_Quattro_Gatti-Bari_Province_of_Bari_Puglia.html;L'Osteria Dei Quattro Gatti;Via Cardinale Agostino Ciasca, 17;70124, Bari,;$$ - $$$, Italiana, Pizza, Pesce;+39 080 504 3446;1257;3.5;Per vegetariani, Opzioni vegane, Opzioni senza glutine;-;-
https://www.tripadvisor.it/Restaurant_Review-g187874-d2470708-Reviews-Baraonda-Bari_Province_of_Bari_Puglia.html;Baraonda;Via Gaetano Devitofrancesco 29;70124, Bari,;$, Pizza, Per vegetariani, Opzioni senza glutine;+39 329 437 2563;96;4;Per vegetariani, Opzioni senza glutine;-;Certificato di EccellenzaVincitore 2015, 2018
https://www.tripadvisor.it/Restaurant_Review-g187874-d7251073-Reviews-Storie_Del_Vecchio_Sud-Bari_Province_of_Bari_Puglia.html;Storie Del Vecchio Sud;Via Buccari 120;70124, Bari,;-;+39 347 636 8837;58;4;-;-;-
https://www.tripadvisor.it/Restaurant_Review-g187874-d2301889-Reviews-Ristorante_Perbacco-Bari_Province_of_Bari_Puglia.html;Ristorante Perbacco;Via Francesco Saverio Abbrescia 99;70121, Bari,;$$ - $$$, Italiana, Pesce, Mediterranea;+39 080 558 8563;219;4.5;-;Pranzo, Cena, Dopo mezzanotte;Certificato di EccellenzaVincitore 2015 - 2018
https://www.tripadvisor.it/Restaurant_Review-g187874-d2612945-Reviews-Max_Caffe-Bari_Province_of_Bari_Puglia.html;Max Caffè;Via Paolo Lembo 12;70124, Bari,;$, Italiana, Per vegetariani;+39 080 542 1155;70;4.5;Per vegetariani;Colazione, Pranzo, Brunch, Cena;-
https://www.tripadvisor.it/Restaurant_Review-g187874-d3535097-Reviews-Le_Grand_Tabou_Caffe_Bistrot-Bari_Province_of_Bari_Puglia.html;Le Grand Tabou - Caffè Bistrot;Via De' Rossi 187;70122, Bari,;$$ - $$$, Italiana, Mediterranea;+39 080 520 7098;90;4;-;Colazione, Cena, Dopo mezzanotte;Certificato di EccellenzaVincitore 2015 - 2016
https://www.tripadvisor.it/Restaurant_Review-g187874-d2478212-Reviews-La_farmacia_dei_Sani_e_Bari-Bari_Province_of_Bari_Puglia.html;La farmacia dei Sani e Bari;Via Roberto da Bari 104;70122, Bari,;$$ - $$$, Italiana, Pub, Per vegetariani;+39 080 528 2944;213;4;Per vegetariani;Pranzo, Dopo mezzanotte;Certificato di EccellenzaVincitore 2015, 2017
https://www.tripadvisor.it/Restaurant_Review-g187874-d5254799-Reviews-Dolcetto_Bari-Bari_Province_of_Bari_Puglia.html;Dolcetto Bari;Via De' Rossi 148;70122, Bari,;Pasticcerie e gelaterie;+39 080 975 6749;28;4;-;-;-
https://www.tripadvisor.it/Restaurant_Review-g187874-d4803178-Reviews-Mozart_Caffe-Bari_Province_of_Bari_Puglia.html;Mozart Caffe;Via Melo 139;70122, Bari,;$$ - $$$, Pasticcerie e gelaterie, Italiana, Caffè;+39 080 524 5015;469;4.5;Colazione, Brunch;-;Certificato di EccellenzaVincitore 2015 - 2018
https://www.tripadvisor.it/Restaurant_Review-g187874-d4055963-Reviews-RIstorante_Bistrot_OneEleven_1_11-Bari_Province_of_Bari_Puglia.html;RIstorante Bistrot OneEleven 1.11;Corso Vittorio Emanuele II 111;70122, Bari,;$$ - $$$, Italiana, Pizza, Pesce;+39 080 237 0669;271;3.5;Per vegetariani;Pranzo, Cena, Dopo mezzanotte;-
https://www.tripadvisor.it/Restaurant_Review-g187874-d3540824-Reviews-New_Dickens_Inn-Bari_Province_of_Bari_Puglia.html;New Dickens Inn;Via Demetrio Marin 37;70125, Bari,;$$ - $$$, Pub;+39 338 965 0131;85;3;-;Cena, Dopo mezzanotte;-
https://www.tripadvisor.it/Restaurant_Review-g187874-d7759331-Reviews-Dall_Oste_Del_Convivium-Bari_Province_of_Bari_Puglia.html;Dall'Oste Del Convivium;Corso Vittorio Emanuele II 126;70122, Bari,;$$ - $$$, Italiana, Pesce, Mediterranea;+39 080 969 7007;94;4;Per vegetariani;Cena;Certificato di EccellenzaVincitore 2016 - 2018
https://www.tripadvisor.it/Restaurant_Review-g187874-d5029467-Reviews-SushiTao-Bari_Province_of_Bari_Puglia.html;SushiTao;Via Giulio Petroni 69/C;70124, Bari,;$$ - $$$, Giapponese;+39 080 208 2088;823;3.5;-;Pranzo, Cena, Dopo mezzanotte;-
https://www.tripadvisor.it/Restaurant_Review-g187874-d12079842-Reviews-Tiffany_Caffe-Bari_Province_of_Bari_Puglia.html;Tiffany Caffe;Via Argiro 137;70121, Bari,;-;-;11;4;-;-;-
https://www.tripadvisor.it/Restaurant_Review-g187874-d3746885-Reviews-Magda-Bari_Province_of_Bari_Puglia.html;Magda;Via Prospero Petroni 32/32a;70121, Bari,;$, Forni, Italiana, Bar;+39 080 524 2207;355;4;Per vegetariani, Opzioni vegane;Colazione, Pranzo, Brunch;Certificato di EccellenzaVincitore 2016 - 2018
https://www.tripadvisor.it/Restaurant_Review-g187874-d12404620-Reviews-McDonald_s-Bari_Province_of_Bari_Puglia.html;McDonald's;Via Sparano da Bari, 155/157/159;70121, Bari,;-;-;11;2.5;-;-;-
https://www.tripadvisor.it/Restaurant_Review-g187874-d4591099-Reviews-Sandrino-Bari_Province_of_Bari_Puglia.html;Sandrino;Via Prospero Petroni;Bari,;$, Pasticcerie e gelaterie, Caffè, Italiana;+39 080 521 4699;217;3.5;-;-;-
https://www.tripadvisor.it/Restaurant_Review-g187874-d2425731-Reviews-Tarantini_al_cancello_rotto-Bari_Province_of_Bari_Puglia.html;Tarantini al cancello rotto;Via Giulio Petroni 114/B;70124, Bari,;$$ - $$$, Italiana, Pizza, Pesce;+39 080 502 5352;375;3;Per vegetariani;Dopo mezzanotte;-
https://www.tripadvisor.it/Restaurant_Review-g187874-d7799331-Reviews-Aladino-Bari_Province_of_Bari_Puglia.html;Aladino;Via Papa Giovanni Paolo I 6;70124, Bari,;Italiana;+39 080 502 6350;48;3;-;-;-
https://www.tripadvisor.it/Restaurant_Review-g187874-d9553727-Reviews-Moderat_Good_Living-Bari_Province_of_Bari_Puglia.html;Moderat Good Living;Corso Vittorio Emanuele II, 97/101;70122, Bari,;$$ - $$$, Italiana, Mediterranea, Europea;+39 393 087 2722;80;4;Italiana, Mediterranea, Europea;Per vegetariani, Opzioni vegane;Certificato di EccellenzaVincitore 2017
https://www.tripadvisor.it/Restaurant_Review-g187874-d1996284-Reviews-Osteria_delle_Travi_di_Bari-Bari_Province_of_Bari_Puglia.html;Osteria delle Travi di Bari;Largo Ignazio Chiurlia 12;70122, Bari,;$, Italiana, Pesce, Mediterranea;+39 339 157 8848;518;4;Per vegetariani;Pranzo, Cena, Dopo mezzanotte;-
https://www.tripadvisor.it/Restaurant_Review-g187874-d966781-Reviews-Caffe_Borghese-Bari_Province_of_Bari_Puglia.html;Caffe Borghese;Corso Vittorio Emanuele II 122;70122, Bari,;$$ - $$$, Italiana, Mediterranea, Caffè;+39 080 524 2156;134;4;Per vegetariani;-;Certificato di EccellenzaVincitore 2017 - 2018
https://www.tripadvisor.it/Restaurant_Review-g187874-d4020119-Reviews-The_Stuart_Scottish_Pub-Bari_Province_of_Bari_Puglia.html;The Stuart Scottish Pub;Via Dalmazia, 173;70121, Bari,;$, Pub, Birreria;+39 080 809 6279;53;4.5;-;Pranzo, Cena, Dopo mezzanotte, Bevande;Certificato di EccellenzaVincitore 2015
https://www.tripadvisor.it/Restaurant_Review-g187874-d15619385-Reviews-Dipierro_Caffetteria-Bari_Province_of_Bari_Puglia.html;Dipierro Caffetteria;Viale Quinto Ennio 1;70124, Bari,;-;+39 329 922 2043;2;5;-;-;-
https://www.tripadvisor.it/Restaurant_Review-g187874-d12668053-Reviews-Stanza_Caffe-Bari_Province_of_Bari_Puglia.html;Stanza Caffè;Via Pier l'Eremita 19;70122, Bari,;-;-;6;3.5;-;-;-
https://www.tripadvisor.it/Restaurant_Review-g187874-d795841-Reviews-Al_buco-Bari_Province_of_Bari_Puglia.html;Pizzeria al Buco;Via Nitto De Rossi, 2/A;70100, Bari,;$$ - $$$, Italiana, Pizza, Per vegetariani;+39 080 574 0113;573;4;Per vegetariani, Opzioni vegane, Opzioni senza glutine;-;Certificato di EccellenzaVincitore 2017 - 2018
https://www.tripadvisor.it/Restaurant_Review-g187874-d3600830-Reviews-Ristorante_Chez_Jo-Bari_Province_of_Bari_Puglia.html;Pizzeria Chez Jo;Viale Luigi Einaudi, 69;70125, Bari,;$$ - $$$, Italiana, Pizza;+39 080 548 4836;142;3.5;-;Cena, Pranzo, Dopo mezzanotte;-
https://www.tripadvisor.it/Restaurant_Review-g187874-d2705430-Reviews-Pizzorante_Continental-Bari_Province_of_Bari_Puglia.html;Pizzorante Continental;Corso Cavour 186;70121, Bari,;$$ - $$$, Italiana, Pizza, Pesce;+39 080 524 7277;133;4;-;Pranzo, Dopo mezzanotte;Certificato di EccellenzaVincitore 2016 - 2017
https://www.tripadvisor.it/Restaurant_Review-g187874-d3329979-Reviews-El_Pedro-Bari_Province_of_Bari_Puglia.html;El Pedro;Via Nicolo' Piccinni 152;70122, Bari,;$, Italiana, Mediterranea, Per vegetariani;0805211294-152;414;4.5;Per vegetariani, Opzioni vegane;Pranzo, Cena;Certificato di EccellenzaVincitore 2015 - 2018
https://www.tripadvisor.it/Restaurant_Review-g187874-d3982535-Reviews-Malto_s_Beer-Bari_Province_of_Bari_Puglia.html;Malto'S Beer;Via Aurelio Carrante 1;70124, Bari,;$$ - $$$, Pub, Birreria, Per vegetariani;+39 370 317 3457;216;3.5;Per vegetariani, Opzioni vegane, Opzioni senza glutine;Bevande, Pranzo, Cena, Dopo mezzanotte;-
https://www.tripadvisor.it/Restaurant_Review-g187874-d3491904-Reviews-Al_Sorso_Preferito-Bari_Province_of_Bari_Puglia.html;Ristorante Al Sorso Preferito;Via Vito Nicola De Nicolò, 40;70121, Bari,;$$ - $$$, Italiana, Pesce, Mediterranea;+39 080 523 5747;319;4;Opzioni senza glutine;Pranzo, Cena, Dopo mezzanotte;Certificato di EccellenzaVincitore 2015, 2017
https://www.tripadvisor.it/Restaurant_Review-g187874-d3599654-Reviews-Le_tre_lanterne-Bari_Province_of_Bari_Puglia.html;Le tre lanterne;Viale Orazio Flacco 22;70124, Bari,;Italiana;+39 080 561 6246;40;3.5;-;Cena;-
https://www.tripadvisor.it/Restaurant_Review-g187874-d12443239-Reviews-Cafe_Murat-Bari_Province_of_Bari_Puglia.html;Café Murat;Via Argiro 86/88;70121, Bari,;$, Italiana, Caffè, Mediterranea;+39 080 204 9109;36;2.5;-;-;-
https://www.tripadvisor.it/Restaurant_Review-g187874-d3846129-Reviews-Gelateria_Piccinni-Bari_Province_of_Bari_Puglia.html;Gelateria Piccinni;Via Nicolo Piccinni 131;70122, Bari,;$, Pasticcerie e gelaterie;+39 328 953 7788;262;4.5;-;Dopo mezzanotte;Certificato di EccellenzaVincitore 2018
https://www.tripadvisor.it/Restaurant_Review-g187874-d5970726-Reviews-Timeout-Bari_Province_of_Bari_Puglia.html;Timeout;Via Fanelli 285/C;70125, Bari,;$$ - $$$, Americana, Bar, Fast food;+39 389 695 4338;891;3.5;-;Cena, Dopo mezzanotte;-
https://www.tripadvisor.it/Restaurant_Review-g187874-d2326547-Reviews-Ristorante_Pizzeria_Provolina-Bari_Province_of_Bari_Puglia.html;Ristorante Pizzeria Provolina;Lungomare Generale Giambattista E Ammiraglio Pietro Starita 19;70132, Bari,;$$ - $$$, Italiana, Mediterranea;+39 080 534 7593;315;2.5;-;Dopo mezzanotte;-
https://www.tripadvisor.it/Restaurant_Review-g187874-d844446-Reviews-La_Locanda_di_Federico-Bari_Province_of_Bari_Puglia.html;La Locanda di Federico;Piazza Mercantile, 63;70122, Bari,;$$ - $$$, Italiana, Per vegetariani, Opzioni vegane;+39 080 522 7705;977;4;Per vegetariani, Opzioni vegane, Opzioni senza glutine;-;Certificato di EccellenzaVincitore 2015 - 2016
https://www.tripadvisor.it/Restaurant_Review-g187874-d2318256-Reviews-Nuovo_Fizzarotti-Bari_Province_of_Bari_Puglia.html;Nuovo Fizzarotti;Corso Vittorio Emanuele II 168;70122, Bari,;$$ - $$$, Italiana, Per vegetariani, Opzioni vegane;+39 080 524 2923;211;4;Per vegetariani, Opzioni vegane, Opzioni senza glutine;-;Certificato di EccellenzaVincitore 2015 - 2016, 2018
https://www.tripadvisor.it/Restaurant_Review-g187874-d6429640-Reviews-Tankard_Gastropub-Bari_Province_of_Bari_Puglia.html;Tankard Gastropub;Corso Benedetto Croce, 80;70125, Bari,;$, Italiana, Internazionale, Pub;+39 080 225 7340;205;4;Per vegetariani;-;-
https://www.tripadvisor.it/Restaurant_Review-g187874-d2034951-Reviews-Pizza_e_altro-Bari_Province_of_Bari_Puglia.html;Pizza e altro;Viale Antonio Salandra 9/A/B;70124, Bari,;$$ - $$$, Italiana, Pizza, Mediterranea;+39 080 542 8587;246;4;Per vegetariani, Opzioni vegane;-;Certificato di EccellenzaVincitore 2015 - 2018
https://www.tripadvisor.it/Restaurant_Review-g187874-d7260330-Reviews-Conchiglia_Bar-Bari_Province_of_Bari_Puglia.html;Conchiglia Bar;Via Abate Giacinto Gimma 39;70121, Bari,;Bar;+39 080 524 2876;29;2;-;-;-
https://www.tripadvisor.it/Restaurant_Review-g187874-d12099029-Reviews-Re_Vittorio-Bari_Province_of_Bari_Puglia.html;Re Vittorio;Corso Vittorio Emanuelle II;70122, Bari,;$;+39 080 237 3966;24;3;-;-;-
https://www.tripadvisor.it/Restaurant_Review-g187874-d7993105-Reviews-Cult-Bari_Province_of_Bari_Puglia.html;Cult;Piazza Mercantile 69/70;70122, Bari,;$$ - $$$, Italiana;+39 338 139 0529;46;2.5;-;-;-
https://www.tripadvisor.it/Restaurant_Review-g187874-d4014177-Reviews-Fang_Xiang-Bari_Province_of_Bari_Puglia.html;Fang Xiang;Viale Orazio Flacco 7;70124, Bari,;$, Cinese;+39 080 561 7802;130;3.5;-;Pranzo, Cena, Dopo mezzanotte;-
https://www.tripadvisor.it/Restaurant_Review-g187874-d12320372-Reviews-Bistro_Pizzeria_Rosticceria-Bari_Province_of_Bari_Puglia.html;Bistro Pizzeria Rosticceria;Via Dante Alighieri 293/295;70122, Bari,;$, Italiana;+39 080 573 9772;12;4;-;-;-
https://www.tripadvisor.it/Restaurant_Review-g187874-d11857052-Reviews-Urban_Cucina_a_Peso-Bari_Province_of_Bari_Puglia.html;Urban - Cucina a Peso;Via Domenico Nicolai, 10;70122, Bari,;$$ - $$$, Italiana, Bar, Mediterranea;+39 080 521 0203;90;4.5;Per vegetariani, Opzioni vegane, Opzioni senza glutine;-;Certificato di EccellenzaVincitore 2018
https://www.tripadvisor.it/Restaurant_Review-g187874-d10624852-Reviews-Caffe_Latino-Bari_Province_of_Bari_Puglia.html;Caffe Latino;Via Gaetano Postiglione 1;70126, Bari,;-;-;61;3;-;-;-
https://www.tripadvisor.it/Restaurant_Review-g187874-d2185922-Reviews-La_Tana-Bari_Province_of_Bari_Puglia.html;La Tana;Via Giovanni Amendola 29;70126, Bari,;$$ - $$$, Italiana, Per vegetariani, Opzioni vegane;+39 080 555 9574;398;4;Per vegetariani, Opzioni vegane, Opzioni senza glutine;Cena, Dopo mezzanotte;Certificato di EccellenzaVincitore 2016, 2018
https://www.tripadvisor.it/Restaurant_Review-g187874-d7236053-Reviews-Tabit-Bari_Province_of_Bari_Puglia.html;Tabit;Via Ottavio Serena, 39/41;70126, Bari,;$$ - $$$, Italiana, Pizza, Pesce;+39 080 558 8191;220;4;Per vegetariani;-;Certificato di EccellenzaVincitore 2016 - 2018
https://www.tripadvisor.it/Restaurant_Review-g187874-d1186368-Reviews-Colorado_Caffe-Bari_Province_of_Bari_Puglia.html;Colorado Caffe;Via Filippo Turati 28;70125, Bari,;-;-;2;4.5;-;-;-
https://www.tripadvisor.it/Restaurant_Review-g187874-d7252133-Reviews-Panificio_la_Pupetta-Bari_Province_of_Bari_Puglia.html;Panificio la Pupetta;Benedetto Cairoli;70100, Bari,;$;+39 080 521 0216;60;4;-;-;Certificato di EccellenzaVincitore 2017
https://www.tripadvisor.it/Restaurant_Review-g187874-d3874139-Reviews-Pizzeria_Antipasteria_Il_Sedile-Bari_Province_of_Bari_Puglia.html;Pizzeria Antipasteria Il Sedile;Piazza Mercantile, 84;70122, Bari,;$$ - $$$, Birreria, Pizza, Per vegetariani;+39 335 730 3960;135;3.5;Per vegetariani;Pranzo, Cena, Dopo mezzanotte;-
https://www.tripadvisor.it/Restaurant_Review-g187874-d2345486-Reviews-Le_Veronique-Bari_Province_of_Bari_Puglia.html;Le Véronique;Via S. F. Hahnemann, 4;70126, Bari,;$$ - $$$, Italiana, Pizza, Mediterranea;+39 080 546 1822;1078;4;Per vegetariani, Opzioni vegane, Opzioni senza glutine;Pranzo, Cena, Dopo mezzanotte;Certificato di EccellenzaVincitore 2015 - 2016, 2018
https://www.tripadvisor.it/Restaurant_Review-g187874-d6495919-Reviews-Panificio_Morelli-Bari_Province_of_Bari_Puglia.html;Panificio Morelli;-;Modugno,;Italiana;+39 080 5322 6071;38;4;-;-;-
https://www.tripadvisor.it/Restaurant_Review-g187874-d6186011-Reviews-Pizza_Bon-Bari_Province_of_Bari_Puglia.html;Pizza Bon;Via Franchetti Leopoldo 1;70125, Bari,;-;+39 080 547 5754;27;3;-;-;-
https://www.tripadvisor.it/Restaurant_Review-g187874-d4728749-Reviews-Al_Cantuccio-Bari_Province_of_Bari_Puglia.html;Al Cantuccio;Via delle Forze Armate 42;70126, Bari,;$, Pizza;+39 080 553 0058;70;3.5;-;Cena;-
https://www.tripadvisor.it/Restaurant_Review-g187874-d4724492-Reviews-Biancofarina-Bari_Province_of_Bari_Puglia.html;Biancofarina;Corso Vittorio Emanuele II 81;70122, Bari,;$$ - $$$, Italiana, Mediterranea, Pesce;+39 080 521 5515;510;3.5;Per vegetariani, Opzioni vegane, Opzioni senza glutine;-;-
https://www.tripadvisor.it/Restaurant_Review-g187874-d2225618-Reviews-La_Battigia-Bari_Province_of_Bari_Puglia.html;Ristorante La Battigia;Lungo Mare Araldo di Crollalanza, 1;70121, Bari,;$$ - $$$, Italiana, Pizza, Pesce;+39 080 524 0022;458;4;Per vegetariani;Pranzo, Cena, Dopo mezzanotte;Certificato di EccellenzaVincitore 2016 - 2017
https://www.tripadvisor.it/Restaurant_Review-g187874-d4054216-Reviews-Pizzeria_d_autore_di_Antonio_De_Bari-Bari_Province_of_Bari_Puglia.html;pizzeria d'autore di Antonio De Bari;Via Calefati 199;Bari,;$, Pizza, Per vegetariani, Opzioni vegane;+39 080 523 0726;123;4;Per vegetariani, Opzioni vegane;Cena;Certificato di EccellenzaVincitore 2015 - 2018
https://www.tripadvisor.it/Restaurant_Review-g187874-d10693492-Reviews-Terra_di_Mezzo_II_Era-Bari_Province_of_Bari_Puglia.html;Terra di Mezzo II Era;Via Giovanni Amendola 133;70126, Bari,;Italiana, Birreria, Europea, Grill;+39 080 557 3692;204;3.5;-;Brunch, Dopo mezzanotte, Bevande, Pranzo, Cena;-
https://www.tripadvisor.it/Restaurant_Review-g187874-d3250382-Reviews-Pizzeria_Enzo-Bari_Province_of_Bari_Puglia.html;pizzeria Enzo;Via Nizza, 22 70126 Bari Italia;Bari,;$, Pizza;+39 080 542 5743;46;4;-;Cena;-
https://www.tripadvisor.it/Restaurant_Review-g187874-d2706341-Reviews-Ristorante_Grotta_Azzurra-Bari_Province_of_Bari_Puglia.html;Ristorante Grotta Azzurra;Corso Vittorio Emanuele II 187;70122, Bari,;$, Italiana;+39 080 523 0397;47;3.5;-;-;-
https://www.tripadvisor.it/Restaurant_Review-g187874-d6595400-Reviews-Pizzeria_le_Plus_Bon-Bari_Province_of_Bari_Puglia.html;Pizzeria le Plus Bon;Via Giuseppe Pavoncelli 135;70125, Bari,;$, Pizza;+39 080 502 6332;46;4.5;;Cena;-
https://www.tripadvisor.it/Restaurant_Review-g187874-d1742319-Reviews-Al_Pescatore-Bari_Province_of_Bari_Puglia.html;Al Pescatore;Piazza Federico II di Svevia 6;70122, Bari,;$$ - $$$, Italiana, Pesce, Mediterranea;+39 080 523 7039;2071;3.5;Opzioni senza glutine;Pranzo, Cena, Dopo mezzanotte;-
https://www.tripadvisor.it/Restaurant_Review-g2369850-d2349281-Reviews-Da_Nicola-Torre_a_Mare_Province_of_Bari_Puglia.html;Ristorante da Nicola;Viale Principi di Piemonte, 3;70126 Torre a Mare,;$$ - $$$, Italiana, Pesce, Mediterranea;+39 080 543 0043;723;3.5;-;Pranzo, Cena, Dopo mezzanotte;-
https://www.tripadvisor.it/Restaurant_Review-g187874-d3395330-Reviews-Cris_Bio-Bari_Province_of_Bari_Puglia.html;Cris & Bio;Via Giuseppe Papalia, 12;70126, Bari,;$, Italiana, Pizza;+39 080 555 9317;91;3;-;-;-
https://www.tripadvisor.it/Restaurant_Review-g187874-d2691339-Reviews-Windigo_Saloon-Bari_Province_of_Bari_Puglia.html;Windigo Saloon;Via Mauro Amoruso, 31;70124, Bari,;$$ - $$$, Bar, Pub, Gastropub;+39 080 205 1083;293;4;-;Cena, Dopo mezzanotte, Bevande;Certificato di EccellenzaVincitore 2015 - 2018
https://www.tripadvisor.it/Restaurant_Review-g187874-d3267198-Reviews-Divina-Bari_Province_of_Bari_Puglia.html;Divina;Via Orazio Comes 55/59;70124, Bari,;$$ - $$$, Italiana, Pizza, Mediterranea;+39 080 561 5713;315;4;-;Cena;Certificato di EccellenzaVincitore 2015 - 2018
https://www.tripadvisor.it/Restaurant_Review-g187874-d2589026-Reviews-Il_Fornaccio-Bari_Province_of_Bari_Puglia.html;Il Fornaccio;Via Francesco Crispi Liberta' 87;70123, Bari,;$, Italiana, Per vegetariani;+39 080 574 0493;407;4;Per vegetariani;Cena, Dopo mezzanotte;Certificato di EccellenzaVincitore 2015 - 2016, 2018
https://www.tripadvisor.it/Restaurant_Review-g5041771-d3842361-Reviews-L_Antico_Arco-Cellamare_Province_of_Bari_Puglia.html;L'Antico Arco;Corso Roma, 31;70010 Cellamare,;$$ - $$$, Pizza, Opzioni vegane, Per vegetariani;+39 080 465 6280;346;4;Opzioni vegane, Per vegetariani, Opzioni senza glutine;-;Certificato di EccellenzaVincitore 2015 - 2017
https://www.tripadvisor.it/Restaurant_Review-g187874-d6157417-Reviews-Pizzeria_Da_Vito-Bari_Province_of_Bari_Puglia.html;Pizzeria Da Vito;Via Filippo Turati 20;70125, Bari,;Pizza;+39 080 502 5000;25;4;-;-;-
https://www.tripadvisor.it/Restaurant_Review-g2359931-d15613545-Reviews-Ghiaccio_Bollente-Santo_Spirito_Province_of_Bari_Puglia.html;Ghiaccio Bollente;Lungomare Cristoforo Colombo 20 A;70127 Santo Spirito,;$, Mediterranea;+39 080 533 6943;0;-;-;-;-
https://www.tripadvisor.it/Restaurant_Review-g187874-d7612286-Reviews-La_Piazzetta-Bari_Province_of_Bari_Puglia.html;La Piazzetta;Via Dante Alighieri 47;70121, Bari,;$$ - $$$, Italiana, Pizza, Mediterranea;+39 080 246 0490;493;4;Per vegetariani, Opzioni vegane, Opzioni senza glutine;Pranzo, Cena;Certificato di EccellenzaVincitore 2016 - 2017
https://www.tripadvisor.it/Restaurant_Review-g663579-d3651665-Reviews-Nouvel_Vis_a_Vis-Modugno_Province_of_Bari_Puglia.html;Nouvel Vis a Vis;Via Roma 102/a;70026 Modugno,;$, Italiana, Pizza, Mediterranea;+39 080 202 0639;35;4;-;Pranzo, Cena;-
https://www.tripadvisor.it/Restaurant_Review-g2136979-d2425733-Reviews-Petit_Roi-Bitritto_Province_of_Bari_Puglia.html;Petit Roi;Via Giuseppe Mazzini 34;70020 Bitritto,;$$ - $$$, Italiana, Pizza, Per vegetariani;+39 080 631339;134;3.5;Per vegetariani;Bevande;-
https://www.tripadvisor.it/Restaurant_Review-g1996641-d7145974-Reviews-Bar_Caffetteria_Biffi-Valenzano_Province_of_Bari_Puglia.html;Bar Caffetteria Biffi;Via Alcide De' Gasperi 13;70010 Valenzano,;Caffè;+39 080 467 6933;16;3.5;-;-;-
https://www.tripadvisor.it/Restaurant_Review-g187874-d4401343-Reviews-Las_Vegas-Bari_Province_of_Bari_Puglia.html;Las Vegas;Piazza Vittorio Veneto, 1;Bari,;$$ - $$$, Pasticcerie e gelaterie;+39 080 543 2177;168;2;-;-;-
https://www.tripadvisor.it/Restaurant_Review-g187874-d8507251-Reviews-Glamour_Caffe-Bari_Province_of_Bari_Puglia.html;Glamour Caffe;Via Melo da Bari 57;70121, Bari,;$, Caffè;+39 080 321 5895;6;4.5;-;-;-
https://www.tripadvisor.it/Restaurant_Review-g2533537-d1590836-Reviews-Lo_Scoglio_da_Vito-Palese_Bari_Province_of_Bari_Puglia.html;Lo Scoglio da Vito;Via Tenente Nicola Massaro;70128 Palese, Bari,;$$ - $$$, Mediterranea, Italiana, Pesce;+39 080 530 1064;646;4;-;Pranzo, Cena, Dopo mezzanotte;Certificato di EccellenzaVincitore 2016 - 2018
