URL;NAME;ADDRESS;CITY;RATINGS;ABOUT;AVG RATINGS;SERVICES;ABOUT ROOMS
https://www.tripadvisor.it/Hotel_Review-g635875-d655255-Reviews-Hotel_Covo_dei_Saraceni-Polignano_a_Mare_Province_of_Bari_Puglia.html;Hotel Covo dei Saraceni;Via Conversano 1/1A;70044 Polignano a Mare, ;639;Certificato di Eccellenza;4;Ristorante Bar/Lounge Servizio in camera Spa Internet ad alta velocità gratuito (WiFi) Colazione inclusa Accessibile in sedia a rotelle Centro congressi con accesso a Internet ;Aria condizionata Frigorifero in camera Minibar Camere con accesso per disabili Camere non fumatori Camere per famiglie Suite 
https://www.tripadvisor.it/Hotel_Review-g2533537-d4037914-Reviews-Le_Tre_Sorelle_B_B-Palese_Bari_Province_of_Bari_Puglia.html;Le Tre Sorelle B&B;Piazza Capitaneo, 48;70128 Palese, Bari, ;121;Certificato di Eccellenza;4.5;Parcheggio gratuito Internet ad alta velocità gratuito (WiFi) Colazione inclusa Servizio in camera Accessibile in sedia a rotelle Animali domestici ammessi Campo da golf Hotel non fumatori ;Aria condizionata Frigorifero in camera Minibar Camere con accesso per disabili Camere non fumatori Camere per famiglie 
https://www.tripadvisor.it/Hotel_Review-g635875-d1809548-Reviews-Pietrablu_Resort_Spa_CDSHotels-Polignano_a_Mare_Province_of_Bari_Puglia.html;Pietrablu Resort & Spa CDSHotels;Contrada Fontanelle 230;70044 Polignano a Mare, ;2634;Certificato di Eccellenza;4.5;Piscina Parcheggio gratuito Spa Ristorante Internet gratis Bar/Lounge Centro fitness con palestra/sala fitness Colazione inclusa ;Aria condizionata Frigorifero in camera Minibar Camere con accesso per disabili Camere non fumatori Camere per famiglie Suite 
https://www.tripadvisor.it/Hotel_Review-g652003-d250785-Reviews-Il_Melograno-Monopoli_Province_of_Bari_Puglia.html;Il Melograno;Contrada Torricella 345;70043, Monopoli, ;342;Certificato di Eccellenza;4.5;Piscina Parcheggio gratuito Ristorante Servizio in camera Internet ad alta velocità gratuito (WiFi) Bar/Lounge Spa Colazione inclusa ;Aria condizionata Minibar Camere con accesso per disabili Camere non fumatori Camere per famiglie Suite 
https://www.tripadvisor.it/Hotel_Review-g635875-d8115602-Reviews-Cala_Ponte_Hotel-Polignano_a_Mare_Province_of_Bari_Puglia.html;Cala Ponte Hotel;Via San Vito snc;70044 Polignano a Mare, ;361;Certificato di Eccellenza;4;Piscina Servizio in camera Parcheggio gratuito Ristorante Bar/Lounge Spa Internet ad alta velocità gratuito (WiFi) Accessibile in sedia a rotelle ;Aria condizionata Minibar Camere con accesso per disabili Camere non fumatori Camere per famiglie 
https://www.tripadvisor.it/Hotel_Review-g652003-d7175525-Reviews-Albergo_Diffuso_Monopoli-Monopoli_Province_of_Bari_Puglia.html;Albergo Diffuso Monopoli;Chiasso Carmelano 1;70043, Monopoli, ;143;Certificato di Eccellenza;4.5;Internet ad alta velocità gratuito (WiFi) Servizio in camera Bar/Lounge Campo da golf Colazione disponibile Concierge Hotel non fumatori Lavaggio a secco ;Aria condizionata Frigorifero in camera Camere con accesso per disabili Camere non fumatori Camere per famiglie Cucinino Suite 
https://www.tripadvisor.it/Hotel_Review-g580227-d675335-Reviews-Hotel_Donatello-Alberobello_Province_of_Bari_Puglia.html;Hotel Donatello;Via Angelo Turi, 98;70011, Alberobello, ;217;Certificato di Eccellenza;4.5;Parcheggio gratuito Ristorante Bar/Lounge Colazione inclusa Servizio in camera Internet ad alta velocità gratuito (WiFi) Accessibile in sedia a rotelle Animali domestici ammessi ;Aria condizionata Frigorifero in camera Camere con accesso per disabili Camere non fumatori Camere per famiglie Camere per fumatori Suite 
https://www.tripadvisor.it/Hotel_Review-g580227-d11609697-Reviews-La_Corte_Dell_Astore-Alberobello_Province_of_Bari_Puglia.html;La Corte Dell' Astore;Via 7 Liberatori della Selva 8;70011, Alberobello, ;202;Certificato di Eccellenza;5;Servizio in camera Parcheggio gratuito Internet ad alta velocità gratuito (WiFi) Colazione inclusa Animali domestici ammessi Attivit… per bambini/famiglie Servizio navetta Trasporti per l'aeroporto ;Aria condizionata Minibar Camere non fumatori Camere per famiglie Cucinino Suite 
https://www.tripadvisor.it/Hotel_Review-g1056127-d1561724-Reviews-Agriturismo_Masseria_Aprile-Locorotondo_Province_of_Bari_Puglia.html;Agriturismo Masseria Aprile;S.C. 31 Contrada Grofoleo 25;70010 Locorotondo, ;191;Certificato di Eccellenza;5;Parcheggio gratuito Internet ad alta velocità gratuito (WiFi) Colazione disponibile Hotel non fumatori Wi-Fi pubblico ;Frigorifero in camera Camere non fumatori Camere per famiglie 
https://www.tripadvisor.it/Hotel_Review-g652003-d6901763-Reviews-Palazzo_Bregante_Luxury_B_B-Monopoli_Province_of_Bari_Puglia.html;Palazzo Bregante;Via Cimino, 23;70043, Monopoli, ;118;Certificato di Eccellenza;5;Internet ad alta velocità gratuito (WiFi) Colazione inclusa Concierge Hotel non fumatori Lavaggio a secco Personale multilingue Servizio lavanderia Trasporti per l'aeroporto ;Aria condizionata Frigorifero in camera Minibar Camere non fumatori Suite 
https://www.tripadvisor.it/Hotel_Review-g652003-d13513874-Reviews-Torre_Cintola_Natural_Sea_Emotions-Monopoli_Province_of_Bari_Puglia.html;Torre Cintola Natural Sea Emotions;Localita Capitolo;70043, Monopoli, ;162;-;4.5;Piscina Ristorante Bar/Lounge Internet ad alta velocità gratuito (WiFi) Parcheggio gratuito Attivit… per bambini/famiglie Campo da tennis Centro congressi con accesso a Internet ;Aria condizionata Minibar Camere con accesso per disabili Camere non fumatori Camere per famiglie Suite 
https://www.tripadvisor.it/Hotel_Review-g652003-d1998955-Reviews-Hotel_Don_Ferrante_Dimore_di_charme-Monopoli_Province_of_Bari_Puglia.html;Hotel Don Ferrante - Dimore di charme;San Vito n.27;70043, Monopoli, ;482;Certificato di Eccellenza;4.5;Servizio in camera Ristorante Piscina Bar/Lounge Internet ad alta velocità gratuito (WiFi) Colazione inclusa Concierge Hotel non fumatori ;Aria condizionata Minibar Camere non fumatori Suite 
https://www.tripadvisor.it/Hotel_Review-g652003-d1194932-Reviews-Mirella-Monopoli_Province_of_Bari_Puglia.html;Mirella;Contrada Terranova 79;70043, Monopoli, ;281;Certificato di Eccellenza;5;Piscina Parcheggio gratuito Internet ad alta velocità gratuito (WiFi) Colazione inclusa Animali domestici ammessi Colazione disponibile Personale multilingue Wi-Fi pubblico ;Aria condizionata Frigorifero in camera Microonde Minibar Camere con accesso per disabili Camere non fumatori Camere per famiglie Suite 
https://www.tripadvisor.it/Hotel_Review-g580227-d575073-Reviews-Relais_Masseria_Rosa-Alberobello_Province_of_Bari_Puglia.html;Relais Masseria Rosa;SS 172 Km 37+500;70011, Alberobello, ;299;Certificato di Eccellenza;4.5;Piscina Parcheggio gratuito Internet ad alta velocità gratuito (WiFi) Hotel non fumatori Piscina all'aperto Vasca con Jacuzzi ;Aria condizionata Frigorifero in camera Camere non fumatori Camere per famiglie Cucinino Suite 
https://www.tripadvisor.it/Hotel_Review-g2533537-d7380533-Reviews-B_B_Moma-Palese_Bari_Province_of_Bari_Puglia.html;B&B Mom…;Via Duca d'Aosta 5 bis;70128 Palese, Bari, ;74;-;5;Parcheggio gratuito Internet ad alta velocità gratuito (WiFi) Colazione inclusa Hotel non fumatori Servizio navetta ;Aria condizionata Camere non fumatori 
https://www.tripadvisor.it/Hotel_Review-g635875-d626678-Reviews-San_Tommaso-Polignano_a_Mare_Province_of_Bari_Puglia.html;San Tommaso;Contrada Bagiolare SNC;70044 Polignano a Mare, ;603;Certificato di Eccellenza;4.5;Internet ad alta velocità gratuito (WiFi) Servizio in camera Parcheggio gratuito Ristorante Bar/Lounge Colazione inclusa Accessibile in sedia a rotelle Attivit… per bambini/famiglie ;Aria condizionata Minibar Suite 
https://www.tripadvisor.it/Hotel_Review-g635875-d6925708-Reviews-Villa_Lara-Polignano_a_Mare_Province_of_Bari_Puglia.html;Villa Lara;C.da Lazzivecchi;70044 Polignano a Mare, ;71;Certificato di Eccellenza;4.5;Parcheggio gratuito Internet ad alta velocità gratuito (WiFi) Colazione inclusa Animali domestici ammessi Campo da tennis Piscina all'aperto Servizio navetta Trasporti per l'aeroporto ;Aria condizionata Cucinino 
https://www.tripadvisor.it/Hotel_Review-g635875-d10727100-Reviews-Cinquevite_Rooms_Pool-Polignano_a_Mare_Province_of_Bari_Puglia.html;Cinquevite Rooms & Pool;Piazza Caduti di Via Fani 24;70044 Polignano a Mare, ;78;Certificato di Eccellenza;5;Piscina Internet ad alta velocità gratuito (WiFi) Colazione inclusa Servizio in camera Bar/Lounge Colazione disponibile Hotel non fumatori Piscina all'aperto ;Aria condizionata Frigorifero in camera Minibar Camere non fumatori Camere per famiglie Cucinino Suite 
https://www.tripadvisor.it/Hotel_Review-g635875-d12431676-Reviews-San_Michele_Suite-Polignano_a_Mare_Province_of_Bari_Puglia.html;San Michele Suite;Via Arco Bellipario, 5;70044 Polignano a Mare, ;43;-;5;Colazione inclusa Internet ad alta velocità gratuito (WiFi) Hotel non fumatori Personale multilingue Servizio lavanderia Servizio navetta Wi-Fi pubblico ;Aria condizionata Frigorifero in camera Minibar Camere non fumatori Suite 
https://www.tripadvisor.it/Hotel_Review-g635875-d12274941-Reviews-Casale_Porto_Contessa-Polignano_a_Mare_Province_of_Bari_Puglia.html;Casale Porto Contessa;Contrada Compra 10;70044 Polignano a Mare, ;57;-;5;Internet ad alta velocità gratuito (WiFi) Colazione disponibile Hotel non fumatori Servizio di babysitter Servizio navetta Trasporti per l'aeroporto ;Aria condizionata Frigorifero in camera 
https://www.tripadvisor.it/Hotel_Review-g635875-d3377956-Reviews-Tra_le_Mura-Polignano_a_Mare_Province_of_Bari_Puglia.html;Tra le Mura;Piazza Santa Maria delle Grazie, 23;70044 Polignano a Mare, ;226;Certificato di Eccellenza;4.5;Internet ad alta velocità gratuito (WiFi) Colazione inclusa Hotel non fumatori Servizio lavanderia Wi-Fi pubblico ;Aria condizionata Frigorifero in camera Camere non fumatori Camere per famiglie 
https://www.tripadvisor.it/Hotel_Review-g580227-d237473-Reviews-Trullidea-Alberobello_Province_of_Bari_Puglia.html;Trullidea;Via Monte San Gabriele 1;70011, Alberobello, ;180;Certificato di Eccellenza;4.5;Animali domestici ammessi Hotel non fumatori Personale multilingue Trasporti per l'aeroporto Wi-Fi pubblico ;Aria condizionata Frigorifero in camera Camere non fumatori Camere per famiglie Cucinino 
https://www.tripadvisor.it/Hotel_Review-g651998-d6610561-Reviews-Bed_Breakfast_Gli_Avi-Casamassima_Province_of_Bari_Puglia.html;Bed & Breakfast Gli Avi;Vico Palmira 8;70010 Casamassima, ;325;-;5;Parcheggio gratuito Internet ad alta velocità gratuito (WiFi) Colazione inclusa Animali domestici ammessi Hotel non fumatori ;Aria condizionata Camere non fumatori Camere per famiglie Cucinino Suite 
https://www.tripadvisor.it/Hotel_Review-g1057217-d593252-Reviews-Abate_Masseria_Resort-Noci_Province_of_Bari_Puglia.html;Abate Masseria & Resort;Via Massafra Zona F 83/C;70015 Noci, ;363;Certificato di Eccellenza;5;Piscina Parcheggio gratuito Ristorante Bar/Lounge Internet ad alta velocità gratuito (WiFi) Colazione inclusa Servizio in camera Accessibile in sedia a rotelle ;Aria condizionata Minibar Camere non fumatori Camere per famiglie Suite 
https://www.tripadvisor.it/Hotel_Review-g1996641-d1534418-Reviews-Hotel_Residence_Federiciano-Valenzano_Province_of_Bari_Puglia.html;Hotel&Residence Federiciano;Via Giovanni Laterza 28;70010 Valenzano, ;236;Certificato di Eccellenza;4.5;Parcheggio gratuito Bar/Lounge Servizio in camera Internet ad alta velocità gratuito (WiFi) Accessibile in sedia a rotelle Animali domestici ammessi Attivit… per bambini/famiglie Centro congressi con accesso a Internet ;Aria condizionata Frigorifero in camera Microonde Minibar Camere con accesso per disabili Camere non fumatori Camere per famiglie Camere per fumatori 
https://www.tripadvisor.it/Hotel_Review-g1053765-d321058-Reviews-Corte_Altavilla-Conversano_Province_of_Bari_Puglia.html;Corte Altavilla;Vico Goffredo Altavilla 8;70014 Conversano, ;747;Certificato di Eccellenza;4;Ristorante Servizio in camera Bar/Lounge Internet ad alta velocità gratuito (WiFi) Spa Colazione inclusa Animali domestici ammessi Concierge ;Aria condizionata Minibar Camere non fumatori Camere per famiglie Suite 
https://www.tripadvisor.it/Hotel_Review-g580227-d667275-Reviews-Il_Gabellota_Resort_in_Trulli-Alberobello_Province_of_Bari_Puglia.html;il Gabellota Resort in Trulli;Strada Comunale Gabellotta 5;70011, Alberobello, ;630;Certificato di Eccellenza;4.5;Piscina Parcheggio gratuito Internet ad alta velocità gratuito (WiFi) Colazione inclusa Accessibile in sedia a rotelle Hotel non fumatori Personale multilingue Piscina all'aperto ;Aria condizionata Camere non fumatori Camere per famiglie Cucinino Suite 
https://www.tripadvisor.it/Hotel_Review-g580227-d1581480-Reviews-Bed_Breakfast_La_Rosa_dei_Trulli-Alberobello_Province_of_Bari_Puglia.html;Bed & Breakfast La Rosa dei Trulli;S.S. 172 dei Trulli;70011, Alberobello, ;311;Certificato di Eccellenza;5;Parcheggio gratuito Internet ad alta velocità gratuito (WiFi) Colazione inclusa Accessibile in sedia a rotelle Hotel non fumatori Lavanderia self-service ;Aria condizionata Frigorifero in camera Microonde Camere non fumatori Camere per famiglie Cucinino 
https://www.tripadvisor.it/Hotel_Review-g635875-d1734848-Reviews-Casa_Silvestri-Polignano_a_Mare_Province_of_Bari_Puglia.html;Casa Silvestri;Via A. Ardito 13;Polignano a Mare, ;177;Certificato di Eccellenza;4.5;Internet ad alta velocità gratuito (WiFi) Colazione inclusa ;STILE DELL'HOTEL Per famiglie 
https://www.tripadvisor.it/Attraction_Review-g2153864-d5558508-Reviews-Templum_Salutaris_Spa-Acquaviva_delle_Fonti_Province_of_Bari_Puglia.html;Templum Salutaris;Sp 48 Acquaviva - Cassano km 2.3;70021 Acquaviva delle Fonti, ;253;Certificato di Eccellenza;4.5;Piscina Servizio in camera Parcheggio gratuito Bar/Lounge Spa Internet ad alta velocità gratuito (WiFi) Colazione inclusa Accessibile in sedia a rotelle ;Aria condizionata Camere non fumatori Camere per famiglie -
https://www.tripadvisor.it/Hotel_Review-g667173-d11919721-Reviews-Hotel_Fuori_Le_Mura-Altamura_Province_of_Bari_Puglia.html;Hotel Fuori Le Mura;Via Maestri del Lavoro, 5;70022 Altamura, ;118;Certificato di Eccellenza;4.5;Servizio in camera Parcheggio gratuito Ristorante Bar/Lounge Internet ad alta velocità gratuito (WiFi) Accessibile in sedia a rotelle Animali domestici ammessi Centro congressi con accesso a Internet ;Aria condizionata Minibar Camere con accesso per disabili Camere non fumatori Camere per famiglie Suite 
https://www.tripadvisor.it/Hotel_Review-g1056127-d6428308-Reviews-Coppola_di_Seta-Locorotondo_Province_of_Bari_Puglia.html;Coppola di Seta;Strada comunale 204, Contrada Nunzio 8;70010 Locorotondo, ;59;-;5;Piscina Parcheggio gratuito Internet ad alta velocità gratuito (WiFi) Accessibile in sedia a rotelle Servizio di babysitter Servizio lavanderia Servizio navetta Trasporti per l'aeroporto ;Aria condizionata Camere con accesso per disabili 
https://www.tripadvisor.it/Hotel_Review-g580227-d601859-Reviews-Grand_Hotel_Olimpo-Alberobello_Province_of_Bari_Puglia.html;Grand Hotel Olimpo;Via Sette Liberatori della Selva 4B;70011, Alberobello, ;549;Certificato di Eccellenza;4.5;Servizio in camera Ristorante Parcheggio gratuito Internet ad alta velocità gratuito (WiFi) Bar/Lounge Colazione inclusa Accessibile in sedia a rotelle Animali domestici ammessi ;Aria condizionata Frigorifero in camera Minibar Camere con accesso per disabili Camere non fumatori Camere per famiglie Suite 
https://www.tripadvisor.it/Hotel_Review-g635875-d1133442-Reviews-Borgobianco_Resort_Spa_Mgallery_By_Sofitel-Polignano_a_Mare_Province_of_Bari_Puglia.html;Borgobianco Resort & Spa;Contrada Casello Cavuzzi;70044 Polignano a Mare, ;608;Certificato di Eccellenza;4;Parcheggio gratuito Ristorante Centro fitness con palestra/sala fitness Piscina Servizio in camera Internet ad alta velocità gratuito (WiFi) Bar/Lounge Spa ;Aria condizionata Minibar Camere con accesso per disabili Camere non fumatori Camere per famiglie Suite 
https://www.tripadvisor.it/Hotel_Review-g580227-d480733-Reviews-Hotel_Colle_del_Sole-Alberobello_Province_of_Bari_Puglia.html;Hotel Colle del Sole;Via Indipendenza 63;70011, Alberobello, ;299;Certificato di Eccellenza;4;Piscina Ristorante Internet ad alta velocità gratuito (WiFi) Servizio in camera Parcheggio gratuito Bar/Lounge Centro congressi con accesso a Internet Colazione disponibile ;Aria condizionata Minibar Camere non fumatori Camere per famiglie 
https://www.tripadvisor.it/Hotel_Review-g635875-d10523394-Reviews-Dimora_Mediterranea-Polignano_a_Mare_Province_of_Bari_Puglia.html;Dimora Mediterranea;Vico Corte 10/14;70044 Polignano a Mare, ;73;Certificato di Eccellenza;5;Internet ad alta velocità gratuito (WiFi) Hotel non fumatori Servizio lavanderia Servizio navetta Trasporti per l'aeroporto ;Aria condizionata 
https://www.tripadvisor.it/Hotel_Review-g635875-d6537798-Reviews-Apulia_70_Holidays-Polignano_a_Mare_Province_of_Bari_Puglia.html;Apulia 70 Holidays;Via Arcidiacono Pellegrini 32;70044 Polignano a Mare, ;155;Certificato di Eccellenza;5;Internet ad alta velocità gratuito (WiFi) Colazione inclusa Colazione disponibile Hotel non fumatori Lavaggio a secco Lavanderia self-service Personale multilingue Sala banchetti ;Aria condizionata Microonde Camere con accesso per disabili Camere non fumatori Camere per famiglie Cucinino Suite 
https://www.tripadvisor.it/Hotel_Review-g635875-d1912567-Reviews-B_B_Antico_Mondo-Polignano_a_Mare_Province_of_Bari_Puglia.html;B&B Antico Mondo;Via Mulini, 9;70044 Polignano a Mare, ;202;Certificato di Eccellenza;4.5;Internet ad alta velocità gratuito (WiFi) Colazione inclusa Colazione disponibile Hotel non fumatori Personale multilingue Servizio di babysitter Servizio lavanderia Wi-Fi pubblico ;Aria condizionata Frigorifero in camera Camere non fumatori Camere per famiglie 
https://www.tripadvisor.it/Hotel_Review-g652003-d2676963-Reviews-Bed_and_Breakfast_La_Casetta-Monopoli_Province_of_Bari_Puglia.html;Bed and Breakfast La Casetta;Contrada Vagone;70043, Monopoli, ;119;-;5;Piscina Parcheggio gratuito Internet ad alta velocità gratuito (WiFi) Bar/Lounge Campo da golf Hotel non fumatori Piscina all'aperto Sauna ;Aria condizionata Frigorifero in camera Camere non fumatori Camere per famiglie 
https://www.tripadvisor.it/Hotel_Review-g580227-d10463736-Reviews-Trulli_Family-Alberobello_Province_of_Bari_Puglia.html;Trulli Family;Piazza Roma, 4;70011, Alberobello, ;72;Certificato di Eccellenza;4.5;Parcheggio gratuito Internet ad alta velocità gratuito (WiFi) Colazione inclusa Hotel non fumatori Trasporti per l'aeroporto ;Frigorifero in camera Camere non fumatori Camere per famiglie Cucinino 
https://www.tripadvisor.it/Hotel_Review-g635875-d10677282-Reviews-Echi_di_Puglia_Resort-Polignano_a_Mare_Province_of_Bari_Puglia.html;Echi Di Puglia Resort;Via Gandhi 6;70044 Polignano a Mare, ;70;Certificato di Eccellenza;4.5;Piscina Parcheggio gratuito Bar/Lounge Internet ad alta velocità gratuito (WiFi) Colazione inclusa Colazione disponibile Hotel non fumatori Lavaggio a secco ;Aria condizionata Camere non fumatori Camere per famiglie Cucinino Suite 
https://www.tripadvisor.it/Hotel_Review-g1080433-d1493327-Reviews-Trulli_Terra_Magica-Putignano_Province_of_Bari_Puglia.html;Trulli Terra Magica;Strada Comunale San Cataldo 12;70017 Putignano, ;342;Certificato di Eccellenza;5;Parcheggio gratuito Piscina Internet ad alta velocità gratuito (WiFi) Colazione inclusa Hotel non fumatori Personale multilingue Servizio lavanderia Wi-Fi pubblico ;Aria condizionata Frigorifero in camera Camere non fumatori Camere per famiglie 
https://www.tripadvisor.it/Hotel_Review-g580227-d1149322-Reviews-Tipico_Suite-Alberobello_Province_of_Bari_Puglia.html;Tipico Suite;Via Monte San Marco 32;70011, Alberobello, ;144;-;5;Internet ad alta velocità gratuito (WiFi) Ristorante Bar/Lounge Animali domestici ammessi Hotel non fumatori Wi-Fi pubblico ;Aria condizionata Camere non fumatori Camere per fumatori Suite 
https://www.tripadvisor.it/Hotel_Review-g580227-d1830192-Reviews-Trulli_del_Bosco-Alberobello_Province_of_Bari_Puglia.html;Trulli del Bosco;Contrada Cristi Zona C N 518;70011, Alberobello, ;105;Certificato di Eccellenza;4.5;Piscina Parcheggio gratuito Colazione inclusa Servizio in camera Animali domestici ammessi Campo da tennis Colazione disponibile Personale multilingue ;Frigorifero in camera Microonde Camere non fumatori Camere per famiglie Cucinino 
https://www.tripadvisor.it/Hotel_Review-g580227-d1547823-Reviews-Trulli_e_Puglia_B_B-Alberobello_Province_of_Bari_Puglia.html;Trulli e Puglia B&b;Piazza Gabriele D'Annunzio, 2;70011, Alberobello, ;561;Certificato di Eccellenza;4.5;Internet ad alta velocità gratuito (WiFi) Bar/Lounge Colazione inclusa Accessibile in sedia a rotelle Animali domestici ammessi Colazione disponibile Hotel non fumatori Personale multilingue ;Aria condizionata Frigorifero in camera Camere con accesso per disabili Camere non fumatori Camere per famiglie Cucinino Suite 
https://www.tripadvisor.it/Hotel_Review-g635875-d10236598-Reviews-Suite_10-Polignano_a_Mare_Province_of_Bari_Puglia.html;Suite 10;Via Conversano, 53;70044 Polignano a Mare, ;94;Certificato di Eccellenza;4.5;Spa Internet ad alta velocità gratuito (WiFi) Colazione inclusa Servizio in camera Accessibile in sedia a rotelle Servizio lavanderia Servizio navetta Trasporti per l'aeroporto ;Aria condizionata Minibar Suite 
https://www.tripadvisor.it/Hotel_Review-g663579-d5561879-Reviews-Verdeoliva_Bed_Breakfast-Modugno_Province_of_Bari_Puglia.html;Verdeoliva Bed & Breakfast;Strada Madonna della Grotta, 3;70026 Modugno, ;182;Certificato di Eccellenza;5;Parcheggio gratuito Internet ad alta velocità gratuito (WiFi) Colazione inclusa Accessibile in sedia a rotelle Animali domestici ammessi Concierge Trasporti per l'aeroporto Wi-Fi pubblico ;Aria condizionata Frigorifero in camera Microonde Minibar Camere con accesso per disabili Cucinino 
https://www.tripadvisor.it/Hotel_Review-g651999-d1960740-Reviews-Casa_MariAngi-Castellana_Grotte_Province_of_Bari_Puglia.html;Casa MariAngi;Strada Comunale Genna 14/F;70013 Castellana Grotte, ;196;Certificato di Eccellenza;5;Parcheggio gratuito Servizio in camera Internet ad alta velocità gratuito (WiFi) Colazione inclusa Animali domestici ammessi Attivit… per bambini/famiglie Colazione disponibile Hotel non fumatori ;Aria condizionata Frigorifero in camera Microonde Camere non fumatori Camere per famiglie Camere per fumatori Cucinino 
https://www.tripadvisor.it/Hotel_Review-g5018076-d610346-Reviews-La_Peschiera-Capitolo_Monopoli_Province_of_Bari_Puglia.html;La Peschiera;Contrada Losciale 63;70043 Capitolo, Monopoli, ;194;Certificato di Eccellenza;4.5;Piscina Servizio in camera Parcheggio gratuito Ristorante Bar/Lounge Internet ad alta velocità gratuito (WiFi) Colazione inclusa Colazione disponibile ;Aria condizionata Minibar Camere non fumatori Camere per famiglie Suite 
https://www.tripadvisor.it/Hotel_Review-g652003-d4946218-Reviews-Le_Contrade-Monopoli_Province_of_Bari_Puglia.html;Le Contrade;Vico Alba 22;70043, Monopoli, ;67;-;5;Internet ad alta velocità gratuito (WiFi) Hotel non fumatori;Caratteristiche delle camereAria condizionata Camere non fumatori
https://www.tripadvisor.it/Restaurant_Review-g635875-d5856931-Reviews-Masseria_Torre_Catena-Polignano_a_Mare_Province_of_Bari_Puglia.html;Masseria Torre Catena;Contrada Torre Catena 872;70044 Polignano a Mare, ;150;Certificato di Eccellenza;4.5;Servizio in camera Parcheggio gratuito Ristorante Colazione inclusa Accessibile in sedia a rotelle Animali domestici ammessi Sale riunioni ;Caratteristiche delle camere Aria condizionata Frigorifero in camera Minibar Camere per famiglie Suite -
https://www.tripadvisor.it/Hotel_Review-g651999-d8494742-Reviews-Relais_La_Masseriola-Castellana_Grotte_Province_of_Bari_Puglia.html;La Masseriola - B&B Relais;Municipal Road Masseriola;70013 Castellana Grotte, ;49;Certificato di Eccellenza;5;Internet gratis Parcheggio gratuito Colazione inclusa Animali domestici ammessi Attivit… per bambini/famiglie Centro congressi con accesso a Internet Colazione disponibile Hotel non fumatori ;Caratteristiche delle camere Aria condizionata Frigorifero in camera Minibar Camere non fumatori Camere per famiglie Cucinino Suite 
https://www.tripadvisor.it/Hotel_Review-g580227-d10119774-Reviews-Domus_Antiqua_Residence-Alberobello_Province_of_Bari_Puglia.html;Domus Antiqua Residence;Via Due Macelli 06;70011, Alberobello, ;85;Certificato di Eccellenza;4.5;Parcheggio gratuito Internet ad alta velocità gratuito (WiFi) Servizio navetta Trasporti per l'aeroporto ;Caratteristiche delle camere Cucinino Suite 
https://www.tripadvisor.it/Hotel_Review-g1057217-d1057218-Reviews-Il_Viottolo_B_B-Noci_Province_of_Bari_Puglia.html;Il Viottolo B&B;Alberobello, Puglia;70015 Noci, ;84;-;5;Piscina Parcheggio gratuito Internet ad alta velocità gratuito (WiFi) Colazione inclusa Accessibile in sedia a rotelle Hotel non fumatori Piscina all'aperto Trasporti per l'aeroporto ;Caratteristiche delle camere Aria condizionata Camere per famiglie
https://www.tripadvisor.it/Hotel_Review-g659608-d12822021-Reviews-Porto_di_mare-Giovinazzo_Province_of_Bari_Puglia.html;Porto di mare;Via Il Crocifisso 9;70054 Giovinazzo, ;40;-;5;Internet ad alta velocità gratuito (WiFi) Servizio navetta Trasporti per l'aeroporto;Caratteristiche delle camere Aria condizionata Camere per famiglie 
https://www.tripadvisor.it/Hotel_Review-g1028921-d1047992-Reviews-Hotel_Pineta-Ruvo_Di_Puglia_Province_of_Bari_Puglia.html;Hotel Pineta;Via Carlo Marx 5;70037 Ruvo Di Puglia, ;436;-;4;Piscina Servizio in camera Parcheggio gratuito Ristorante Internet ad alta velocità gratuito (WiFi) Centro fitness con palestra/sala fitness Bar/Lounge Spa;Caratteristiche delle camere Aria condizionata Minibar Camere con accesso per disabili Camere non fumatori Camere per famiglie 
https://www.tripadvisor.it/Hotel_Review-g2533537-d5540481-Reviews-Villa_Nicolaus_Bed_Breakfast-Palese_Bari_Province_of_Bari_Puglia.html;Villa Nicolaus Bed & Breakfast;Viale Gabriele d'Annunzio 2;70128 Palese, Bari, ;55;-;5;Parcheggio gratuito Internet ad alta velocità gratuito (WiFi) Hotel non fumatori Servizio lavanderia Servizio navetta Wi-Fi pubblico ;Caratteristiche delle camere Aria condizionata Camere non fumatori
https://www.tripadvisor.it/Hotel_Review-g635875-d1889797-Reviews-B_B_Petali_Rosa-Polignano_a_Mare_Province_of_Bari_Puglia.html;B&B Petali Rosa;Piazza Sant'Antonio;70044 Polignano a Mare, ;323;Certificato di Eccellenza;4.5;Parcheggio gratuito Internet ad alta velocità gratuito (WiFi) Colazione inclusa Accessibile in sedia a rotelle Animali domestici ammessi Hotel non fumatori Servizio di babysitter Servizio lavanderia ;Caratteristiche delle camere Aria condizionata Frigorifero in camera Minibar Camere per famiglie Cucinino Suite
https://www.tripadvisor.it/Hotel_Review-g635875-d6721686-Reviews-Relais_del_Senatore-Polignano_a_Mare_Province_of_Bari_Puglia.html;Relais del Senatore;Via San Benedetto 33;70044 Polignano a Mare, ;117;Certificato di Eccellenza;4.5;Internet ad alta velocità gratuito (WiFi) Colazione inclusa Animali domestici ammessi Hotel non fumatori Wi-Fi pubblico ;Caratteristiche delle camere Aria condizionata Frigorifero in camera Minibar Camere non fumatori Suite 
https://www.tripadvisor.it/Hotel_Review-g580227-d2282247-Reviews-Art_B_B_Joyful_People-Alberobello_Province_of_Bari_Puglia.html;Art B&B Joyful People;Viale Apulia 10;70011, Alberobello, ;183;Certificato di Eccellenza;4.5;Servizio in camera Parcheggio gratuito Internet ad alta velocità gratuito (WiFi) Colazione inclusa Hotel non fumatori Sale riunioni Servizio lavanderia Servizio navetta ;Caratteristiche delle camere Camere non fumatori
https://www.tripadvisor.it/Hotel_Review-g2369850-d567461-Reviews-Barion_Hotel_Congressi-Torre_a_Mare_Province_of_Bari_Puglia.html;Barion Hotel & Congressi;Strada Statale 16 Per Brindisi Km 816;70126 Torre a Mare, ;775;-;4;Ristorante Parcheggio gratuito Internet ad alta velocità gratuito (WiFi) Servizio in camera Bar/Lounge Colazione inclusa Centro fitness con palestra/sala fitness Accessibile in sedia a rotelle ;Caratteristiche delle camere Aria condizionata Minibar Camere con accesso per disabili Camere non fumatori Camere per famiglie Suite
https://www.tripadvisor.it/Hotel_Review-g652003-d3585785-Reviews-Palazzo_Indelli-Monopoli_Province_of_Bari_Puglia.html;Palazzo Indelli;Piazza garibaldi 27;70043, Monopoli, ;235;-;4;Ristorante Internet ad alta velocità gratuito (WiFi) Colazione inclusa Servizio in camera Accessibile in sedia a rotelle Animali domestici ammessi Campo da golf Concierge;Caratteristiche delle camere Aria condizionata Minibar Camere non fumatori Suite
https://www.tripadvisor.it/Hotel_Review-g652003-d3235663-Reviews-Masseria_Garrappa_B_B-Monopoli_Province_of_Bari_Puglia.html;Masseria Garrappa B&B;Contrada Losciale, 85;70043, Monopoli, ;97;Certificato di Eccellenza;4.5;Parcheggio gratuito Ristorante Bar/Lounge Internet ad alta velocità gratuito (WiFi) Colazione inclusa Campo da golf Centro congressi con accesso a Internet Hotel non fumatori ;Caratteristiche delle camere Aria condizionata Minibar Camere non fumatori Camere per famiglie Suite
https://www.tripadvisor.it/Hotel_Review-g635875-d2282227-Reviews-Casale_dei_Fornici-Polignano_a_Mare_Province_of_Bari_Puglia.html;Casale dei Fornici;Contrada Pane e Acqua;70044 Polignano a Mare, ;103;Certificato di Eccellenza;4.5;Piscina Servizio in camera Parcheggio gratuito Ristorante Bar/Lounge Internet ad alta velocità gratuito (WiFi) Colazione inclusa Accessibile in sedia a rotelle ;Caratteristiche delle camere Aria condizionata Frigorifero in camera Minibar Camere non fumatori Camere per famiglie Suite
https://www.tripadvisor.it/Hotel_Review-g635875-d10607497-Reviews-B_B_Prestige-Polignano_a_Mare_Province_of_Bari_Puglia.html;B&B Prestige;Via Comito Fanelli n. 31;70044 Polignano a Mare, ;34;-;5;-;--
https://www.tripadvisor.it/Hotel_Review-g651999-d1310411-Reviews-Masseria_Serritella-Castellana_Grotte_Province_of_Bari_Puglia.html;Masseria Serritella;Via Serritella 1;70013 Castellana Grotte, ;100;Certificato di Eccellenza;4.5;Parcheggio gratuito Ristorante Piscina Bar/Lounge Internet ad alta velocità gratuito (WiFi) Colazione inclusa Servizio in camera Centro congressi con accesso a Internet ;Caratteristiche delle camere Aria condizionata Frigorifero in camera Minibar Camere non fumatori Camere per famiglie Suite
https://www.tripadvisor.it/Hotel_Review-g1077046-d1737525-Reviews-La_Camera_Ducale-Gravina_in_Puglia_Province_of_Bari_Puglia.html;La Camera Ducale;Via Guardialto s.p. 201 Km 2,5;70024 Gravina in Puglia, ;584;;4;Parcheggio gratuito Internet ad alta velocità gratuito (WiFi) Ristorante Bar/Lounge Spa Colazione inclusa Accessibile in sedia a rotelle Animali domestici ammessi ;Caratteristiche delle camere Suite 
https://www.tripadvisor.it/Hotel_Review-g652003-d4324882-Reviews-B_B_Donna_Nina-Monopoli_Province_of_Bari_Puglia.html;B&B Donna Nina;Via Perrini 4;70043, Monopoli, ;65;-;5;Parcheggio gratuito Internet ad alta velocità gratuito (WiFi) Colazione inclusa Accessibile in sedia a rotelle Hotel non fumatori Servizio navetta Trasporti per l'aeroporto Wi-Fi pubblico ;Caratteristiche delle camere Aria condizionata Frigorifero in camera Camere non fumatori
https://www.tripadvisor.it/Hotel_Review-g580227-d1202297-Reviews-Villaggio_Camping_Bosco_Selva-Alberobello_Province_of_Bari_Puglia.html;Villaggio Camping Bosco Selva;Contrada Bosco Selva, 27;70011, Alberobello, ;111;-;4.5;Parcheggio gratuito Bar/Lounge Internet ad alta velocità gratuito (WiFi) Accessibile in sedia a rotelle Animali domestici ammessi Campo da tennis Hotel non fumatori Trasporti per l'aeroporto ;Caratteristiche delle camere Aria condizionataCamere per famiglie Cucinino
https://www.tripadvisor.it/Hotel_Review-g580227-d572494-Reviews-Grand_Hotel_La_Chiusa_di_Chietri-Alberobello_Province_of_Bari_Puglia.html;Grand Hotel La Chiusa di Chietri;Strada Statale 172 Dei Trulli Km 29.8;70011, Alberobello, ;1176;-;4;Ristorante Piscina Servizio in camera Parcheggio gratuito Internet gratis Bar/Lounge Spa Colazione inclusa ;Caratteristiche delle camere Aria condizionata Frigorifero in camera Minibar Camere con accesso per disabili Camere non fumatori Camere per famiglie Suite
https://www.tripadvisor.it/Hotel_Review-g635875-d1539269-Reviews-Vingt_Sept_Bed_and_Breakfast-Polignano_a_Mare_Province_of_Bari_Puglia.html;Vingt Sept Bed and Breakfast;Via Giacomo Matteotti 29;70044 Polignano a Mare, ;97;Certificato di Eccellenza;4.5;Parcheggio gratuito Bar/Lounge Internet ad alta velocità gratuito (WiFi) Colazione inclusa Spa Hotel non fumatori Servizio navetta Trasporti per l'aeroporto ;Caratteristiche delle camere Aria condizionata Frigorifero in camera Camere non fumatori Cucinino
https://www.tripadvisor.it/Hotel_Review-g1028921-d6509511-Reviews-Bed_and_Breakfast_La_Cattedrale-Ruvo_Di_Puglia_Province_of_Bari_Puglia.html;Bed and Breakfast La Cattedrale;Via Zuppetta, 17;70037 Ruvo Di Puglia, ;53;-;5;Parcheggio gratuito Internet ad alta velocità gratuito (WiFi) Colazione inclusa Animali domestici ammessi Hotel non fumatori Wi-Fi pubblico ;Caratteristiche delle camere Aria condizionata Frigorifero in camera Camere non fumatori Camere per famiglie Camere per fumatori Cucinino Suite
https://www.tripadvisor.it/Hotel_Review-g187874-d2429188-Reviews-Parco_Dei_Principi_Hotel_Congress_Spa-Bari_Province_of_Bari_Puglia.html;Parco Dei Principi Hotel Congress & Spa;Prolungamento Viale Europa, 6;70128, Bari, ;1187;Certificato di Eccellenza;4;Piscina Servizio in camera Parcheggio gratuito Ristorante Bar/Lounge Spa Internet ad alta velocità gratuito (WiFi) Colazione inclusa ;Aria condizionata Minibar Camere con accesso per disabili Camere non fumatori Camere per famiglie Suite 
https://www.tripadvisor.it/Hotel_Review-g187874-d574079-Reviews-IH_Hotels_Bari_Oriente-Bari_Province_of_Bari_Puglia.html;Hotel Oriente;Corso Cavour, 32;70121, Bari, ;787;-;4;Servizio in camera Internet ad alta velocità gratuito (WiFi) Ristorante Bar/Lounge Colazione inclusa Accessibile in sedia a rotelle Animali domestici ammessi Centro congressi con accesso a Internet ;Aria condizionata Minibar Camere con accesso per disabili Camere non fumatori Camere per famiglie Suite 
https://www.tripadvisor.it/Hotel_Review-g187874-d3370749-Reviews-Grande_Albergo_delle_Nazioni-Bari_Province_of_Bari_Puglia.html;Grande Albergo delle Nazioni;Lungomare Nazario Sauro 7;70121, Bari, ;788;-;4;Piscina Servizio in camera Bar/Lounge Internet ad alta velocità gratuito (WiFi) Ristorante Spa Centro fitness con palestra/sala fitness Accessibile in sedia a rotelle ;Aria condizionata Minibar Camere con accesso per disabili Camere non fumatori Camere per famiglie Suite 
https://www.tripadvisor.it/Hotel_Review-g187874-d202938-Reviews-The_Nicolaus_Hotel-Bari_Province_of_Bari_Puglia.html;The Nicolaus Hotel;Via Cardinale A. Ciasca, 27;70124, Bari, ;1369;Certificato di Eccellenza;4.5;Piscina Servizio in camera Ristorante Internet ad alta velocità gratuito (WiFi) Centro fitness con palestra/sala fitness Bar/Lounge Spa Accessibile in sedia a rotelle ;Aria condizionata Minibar Camere non fumatori Camere per famiglie Suite 
https://www.tripadvisor.it/Hotel_Review-g187874-d2410582-Reviews-B_B_Melo-Bari_Province_of_Bari_Puglia.html;B&B Melo;Via Melo da Bari 195;70121, Bari, ;338;Certificato di Eccellenza;4;Internet ad alta velocità gratuito (WiFi) Colazione inclusa Colazione disponibile Personale multilingue Trasporti per l'aeroporto Wi-Fi pubblico ;Aria condizionata Frigorifero in camera Camere non fumatori Camere per famiglie 
https://www.tripadvisor.it/Hotel_Review-g187874-d231246-Reviews-Mercure_Villa_Romanazzi_Carducci-Bari_Province_of_Bari_Puglia.html;Mercure Villa Romanazzi Carducci;Via Capruzzi 326;70124, Bari, ;2130;Certificato di Eccellenza;4;Ristorante Servizio in camera Centro fitness con palestra/sala fitness Bar/Lounge Internet ad alta velocità gratuito (WiFi) Piscina Spa Accessibile in sedia a rotelle ;Aria condizionata Minibar Camere con accesso per disabili Camere non fumatori Camere per famiglie Suite 
https://www.tripadvisor.it/Hotel_Review-g187874-d518381-Reviews-Hi_Hotel_Bari-Bari_Province_of_Bari_Puglia.html;Hi Hotel Bari;Via Don Guanella 15/L;70124, Bari, ;519;Certificato di Eccellenza;4.5;Ristorante Centro fitness con palestra/sala fitness Servizio in camera Internet ad alta velocità gratuito (WiFi) Piscina Bar/Lounge Spa Colazione inclusa ;Aria condizionata Minibar Camere con accesso per disabili Camere non fumatori Camere per famiglie Suite 
https://www.tripadvisor.it/Hotel_Review-g187874-d9582532-Reviews-B_B_Casa_Rossella-Bari_Province_of_Bari_Puglia.html;B&B Casa Rossella;Via Ottavio Serena 9;70126, Bari, ;104;Certificato di Eccellenza;5;Internet ad alta velocità gratuito (WiFi) Colazione inclusa Accessibile in sedia a rotelle Animali domestici ammessi Hotel non fumatori Lavanderia self-service Personale multilingue Servizio lavanderia ;Aria condizionata Camere con accesso per disabili Camere non fumatori Camere per famiglie 
https://www.tripadvisor.it/Hotel_Review-g187874-d6456400-Reviews-Bed_Breakfast_Oz-Bari_Province_of_Bari_Puglia.html;Bed & Breakfast Oz;Via Dante Alighieri 328;70122, Bari, ;84;Certificato di Eccellenza;5;Internet ad alta velocità gratuito (WiFi) Colazione inclusa Hotel non fumatori Wi-Fi pubblico ;Aria condizionata Frigorifero in camera Minibar Camere non fumatori 
https://www.tripadvisor.it/Hotel_Review-g187874-d7290542-Reviews-Hotel_Imago-Bari_Province_of_Bari_Puglia.html;Hotel Imago;Via Altamura 26;70122, Bari, ;223;Certificato di Eccellenza;4.5;Internet ad alta velocità gratuito (WiFi) Bar/Lounge Accessibile in sedia a rotelle Concierge Hotel non fumatori Personale multilingue Wi-Fi pubblico ;Aria condizionata Minibar Camere con accesso per disabili Camere non fumatori Camere per famiglie Suite 
https://www.tripadvisor.it/Hotel_Review-g187874-d2329574-Reviews-La_Muraglia_B_B-Bari_Province_of_Bari_Puglia.html;La Muraglia B&B;Strada Annunziata 2;70122, Bari, ;128;Certificato di Eccellenza;5;Internet ad alta velocità gratuito (WiFi) Colazione inclusa Animali domestici ammessi Hotel non fumatori Wi-Fi pubblico ;Aria condizionata Frigorifero in camera Camere non fumatori Cucinino 
https://www.tripadvisor.it/Hotel_Review-g187874-d205808-Reviews-Palace_Hotel_Bari-Bari_Province_of_Bari_Puglia.html;Palace Hotel;Via Francesco Lombardi, 13;70122, Bari, ;1183;-;4;Ristorante Servizio in camera Colazione inclusa Bar/Lounge Internet ad alta velocità gratuito (WiFi) Accessibile in sedia a rotelle Animali domestici ammessi Centro congressi con accesso a Internet ;Aria condizionata Frigorifero in camera Minibar Camere con accesso per disabili Camere non fumatori Camere per famiglie Suite 
https://www.tripadvisor.it/Hotel_Review-g187874-d237464-Reviews-Hotel_Boston-Bari_Province_of_Bari_Puglia.html;Hotel Boston;Via Nicolo' Piccinni 155;70122, Bari, ;513;-;3.5;Internet ad alta velocità gratuito (WiFi) Servizio in camera Bar/Lounge Colazione inclusa Accessibile in sedia a rotelle Concierge Lavaggio a secco Personale multilingue ;Aria condizionata Minibar Camere con accesso per disabili Camere per famiglie 
https://www.tripadvisor.it/Hotel_Review-g187874-d3723945-Reviews-Palazzo_Calo-Bari_Province_of_Bari_Puglia.html;Palazzo Calò;Via Strada Lamberti, 8;70121, Bari, ;148;Certificato di Eccellenza;4.5;Internet ad alta velocità gratuito (WiFi) Hotel non fumatori Trasporti per l'aeroporto Wi-Fi pubblico ;Aria condizionata Frigorifero in camera Camere non fumatori 
https://www.tripadvisor.it/Hotel_Review-g187874-d735957-Reviews-Zodiacus-Bari_Province_of_Bari_Puglia.html;Zodiacus;Via Roberto da Bari 101;70122, Bari, ;134;-;4;Internet ad alta velocità gratuito (WiFi) Concierge Hotel non fumatori Personale multilingue Servizio lavanderia Wi-Fi pubblico ;Aria condizionata Frigorifero in camera Minibar Camere non fumatori Camere per famiglie Suite 
https://www.tripadvisor.it/Hotel_Review-g187874-d4893481-Reviews-Il_Trespolo_Degli_Angeli-Bari_Province_of_Bari_Puglia.html;Il Trespolo Degli Angeli;Piazzetta Sessantadue Marinai 15;70122, Bari, ;90;Certificato di Eccellenza;4.5;Internet ad alta velocità gratuito (WiFi) Colazione inclusa Hotel non fumatori Servizio lavanderia Wi-Fi pubblico ;Aria condizionata 
https://www.tripadvisor.it/Hotel_Review-g187874-d4161604-Reviews-Villa_Dafne_B_B-Bari_Province_of_Bari_Puglia.html;Villa Dafne B & B;Strada Sant'Anna 15;70126, Bari, ;68;Certificato di Eccellenza;4.5;Parcheggio gratuito Internet ad alta velocità gratuito (WiFi) Piscina Servizio in camera Animali domestici ammessi Colazione disponibile Hotel non fumatori Servizio lavanderia ;Aria condizionata Frigorifero in camera Minibar Camere non fumatori Camere per famiglie Camere per fumatori 
https://www.tripadvisor.it/Hotel_Review-g187874-d6586003-Reviews-Olive_Tree-Bari_Province_of_Bari_Puglia.html;Olive Tree;Via Scipione Crisanzio 90;70123, Bari, ;122;-;4.5;Internet ad alta velocità gratuito (WiFi) Colazione inclusa ;Camere non fumatori Cucinino 
https://www.tripadvisor.it/Hotel_Review-g187874-d2206642-Reviews-Vittoria_Parc_Hotel-Bari_Province_of_Bari_Puglia.html;Vittoria Parc Hotel;Via Nazionale N. 10/F;70128, Bari, ;306;-;4;Piscina Servizio in camera Parcheggio gratuito Ristorante Bar/Lounge Internet ad alta velocità gratuito (WiFi) Accessibile in sedia a rotelle Concierge ;Aria condizionata Frigorifero in camera Minibar Camere con accesso per disabili Camere non fumatori Camere per famiglie 
https://www.tripadvisor.it/Hotel_Review-g187874-d11796663-Reviews-B_B_Gatto_Bianco-Bari_Province_of_Bari_Puglia.html;B&B Gatto Bianco;Via Abate Giacinto Gimma 82;70122, Bari, ;77;Certificato di Eccellenza;4.5;Internet ad alta velocità gratuito (WiFi) Colazione inclusa Hotel non fumatori ;Aria condizionata Frigorifero in camera Camere non fumatori Camere per famiglie Suite 
https://www.tripadvisor.it/Hotel_Review-g187874-d6639103-Reviews-Seven_Maze_Charming_House-Bari_Province_of_Bari_Puglia.html;Seven Maze Charming House;S.S 100, Uscita MUNGIVACCA TARANTO N 13/B;70126, Bari, ;208;-;4;Parcheggio gratuito Internet ad alta velocità gratuito (WiFi) Piscina Servizio in camera Accessibile in sedia a rotelle Animali domestici ammessi Concierge Hotel non fumatori ;Aria condizionata Frigorifero in camera Minibar Camere con accesso per disabili Camere non fumatori 
https://www.tripadvisor.it/Hotel_Review-g187874-d5601862-Reviews-Bed_and_Breakfast_FLY-Bari_Province_of_Bari_Puglia.html;Bed and Breakfast FLY;Viale Gabriele d'Annunzio nø 15;70128, Bari, ;75;-;4.5;Servizio in camera Parcheggio gratuito Internet ad alta velocità gratuito (WiFi) Colazione inclusa Accessibile in sedia a rotelle Attivit… per bambini/famiglie Hotel non fumatori Servizio navetta ;Aria condizionata Minibar Cucinino 
https://www.tripadvisor.it/Hotel_Review-g187874-d4582968-Reviews-B_B_Dei_Meravigli-Bari_Province_of_Bari_Puglia.html;B&B Dei Meravigli;Strada Filioli 33;70122, Bari, ;76;-;4.5;Internet ad alta velocità gratuito (WiFi) Colazione inclusa ;Aria condizionata Frigorifero in camera Cucinino Suite 
https://www.tripadvisor.it/Hotel_Review-g2533537-d6351696-Reviews-La_Casa_Particular-Palese_Bari_Province_of_Bari_Puglia.html;La Casa Particular;Via Nazionale 9/B 3;70128 Palese, Bari, ;40;-;5;Piscina Parcheggio gratuito Internet ad alta velocità gratuito (WiFi) Colazione inclusa Animali domestici ammessi Hotel non fumatori Servizio navetta Trasporti per l'aeroporto ;Aria condizionata Frigorifero in camera 
https://www.tripadvisor.it/Hotel_Review-g187874-d2391244-Reviews-Villa_Aurora_B_B-Bari_Province_of_Bari_Puglia.html;Villa Aurora B&B;Via Nazionale 8/s;70128, Bari, ;50;-;4.5;Parcheggio gratuito Colazione inclusa Internet ad alta velocità gratuito (WiFi) Hotel non fumatori Servizio navetta Wi-Fi pubblico ;Aria condizionata Frigorifero in camera Camere non fumatori 
https://www.tripadvisor.it/Hotel_Review-g2533537-d4945471-Reviews-B_B_Simpson-Palese_Bari_Province_of_Bari_Puglia.html;B&B Simpson;Via Gabriele D'Annunzio, 19/A;70128 Palese, Bari, ;85;-;4.5;Parcheggio gratuito Internet ad alta velocità gratuito (WiFi) Colazione inclusa Colazione disponibile Personale multilingue Trasporti per l'aeroporto Wi-Fi pubblico ;Camere per famiglie 
https://www.tripadvisor.it/Hotel_Review-g187874-d4766506-Reviews-B_B_Il_Gallo_di_Monopoli-Bari_Province_of_Bari_Puglia.html;B&B Il Gallo di Monopoli;Contrada San Vincenzo 204;70043, Bari, ;61;-;4.5;Parcheggio gratuito Hotel non fumatori Trasporti per l'aeroporto ;Aria condizionata Frigorifero in camera 
https://www.tripadvisor.it/Hotel_Review-g187874-d312395-Reviews-Rondo_Hotel-Bari_Province_of_Bari_Puglia.html;Rondò Hotel;Corso A. De Gasperi, 308;70125, Bari, ;251;-;3.5;Servizio in camera Ristorante Bar/Lounge Internet ad alta velocità gratuito (WiFi) Colazione inclusa Animali domestici ammessi Centro congressi con accesso a Internet Hotel non fumatori ;Aria condizionata Minibar Camere per famiglie Cucinino Suite 
https://www.tripadvisor.it/Hotel_Review-g187874-d2174988-Reviews-Hotel_Palumbo_Masseria_Sant_Anna-Bari_Province_of_Bari_Puglia.html;Hotel Palumbo Masseria Sant'Anna;Via Vittorio Veneto 31/33;70128, Bari, ;84;-;4;Bar/Lounge Internet ad alta velocità gratuito (WiFi) Servizio in camera Accessibile in sedia a rotelle Colazione disponibile Concierge Hotel non fumatori Personale multilingue ;Aria condizionata Minibar Camere con accesso per disabili Camere non fumatori 
https://www.tripadvisor.it/Hotel_Review-g2533537-d227400-Reviews-Best_Western_Hotel_La_Baia-Palese_Bari_Province_of_Bari_Puglia.html;BEST WESTERN La Baia;Via Vittorio Veneto, 29/A;70128 Palese, Bari, ;363;-;3.5;Internet ad alta velocità gratuito (WiFi) Parcheggio gratuito Servizio in camera Ristorante Bar/Lounge Accessibile in sedia a rotelle Animali domestici ammessi Centro congressi con accesso a Internet ;Aria condizionata Camere con accesso per disabili Camere non fumatori Camere per famiglie Camere per fumatori 
https://www.tripadvisor.it/Hotel_Review-g187874-d952388-Reviews-Terranobile_Metaresort-Bari_Province_of_Bari_Puglia.html;Terranobile Metaresort;Via Bitritto, 103;70124, Bari, ;275;-;4;Parcheggio gratuito Piscina Internet ad alta velocità gratuito (WiFi) Servizio in camera Bar/Lounge Spa Colazione inclusa Accessibile in sedia a rotelle ;Aria condizionata Minibar Camere con accesso per disabili Camere non fumatori Camere per famiglie 
https://www.tripadvisor.it/Hotel_Review-g187874-d6698224-Reviews-B_B_Bari_Old_Town-Bari_Province_of_Bari_Puglia.html;B&B Bari Old Town;Strada Intendenza, 19;70122, Bari, ;83;-;4;Internet ad alta velocità gratuito (WiFi) Colazione inclusa Animali domestici ammessi Hotel non fumatori ;Aria condizionata Camere non fumatori Camere per famiglie 
https://www.tripadvisor.it/Hotel_Review-g187874-d2320783-Reviews-B_B_Villa_Longo_de_Bellis-Bari_Province_of_Bari_Puglia.html;B&B Villa Longo de Bellis;Via Tenente Saverio Noviello 3/D;70128, Bari, ;21;-;5;Parcheggio gratuito Internet ad alta velocità gratuito (WiFi) Colazione inclusa Animali domestici ammessi Hotel non fumatori Lavanderia self-service Wi-Fi pubblico ;Aria condizionata Frigorifero in camera Microonde Minibar Camere non fumatori Camere per famiglie Cucinino 
https://www.tripadvisor.it/Hotel_Review-g187874-d1737557-Reviews-B_B_La_Nuit-Bari_Province_of_Bari_Puglia.html;B&B La Nuit;Caggiano Da Ponte 27/B;70128, Bari, ;46;-;4;Servizio in camera Parcheggio gratuito Internet ad alta velocità gratuito (WiFi) Colazione inclusa Animali domestici ammessi Hotel non fumatori Servizio di babysitter Servizio navetta ;Aria condizionata Camere non fumatori Camere per famiglie 
https://www.tripadvisor.it/Hotel_Review-g187874-d237475-Reviews-Hotel_Majesti_Congressi-Bari_Province_of_Bari_Puglia.html;Hotel Majesti Congressi;Via Giovanni Gentile 97/ B;70126, Bari, ;309;-;3.5;Piscina Servizio in camera Parcheggio gratuito Ristorante Bar/Lounge Internet ad alta velocità gratuito (WiFi) Colazione inclusa Centro fitness con palestra/sala fitness ;Aria condizionata Minibar Camere con accesso per disabili Camere non fumatori Camere per fumatori Suite 
https://www.tripadvisor.it/Hotel_Review-g187874-d7808592-Reviews-Giardino_dei_Frutti-Bari_Province_of_Bari_Puglia.html;Giardino dei frutti;Via Lippolis n. 38;70127, Bari, ;20;-;4.5;Servizio in camera Internet ad alta velocità gratuito (WiFi) Colazione inclusa Parcheggio gratuito Animali domestici ammessi Hotel non fumatori Servizio navetta Trasporti per l'aeroporto ;Aria condizionata Camere per famiglie 
https://www.tripadvisor.it/Hotel_Review-g187874-d481479-Reviews-Best_Western_Hotel_HR-Bari_Province_of_Bari_Puglia.html;Best Western Hotel HR;Strada Statale 96 Km 119,300;70132, Bari, ;345;-;3.5;Servizio in camera Colazione inclusa Piscina Parcheggio gratuito Ristorante Bar/Lounge Spa Internet ad alta velocità gratuito (WiFi) ;Aria condizionata Minibar Camere non fumatori Camere per famiglie 
https://www.tripadvisor.it/Hotel_Review-g187874-d10293094-Reviews-Mirage_B_B-Bari_Province_of_Bari_Puglia.html;Mirage B&B;Via Bitritto 128/Bis;70124, Bari, ;39;-;4.5;Parcheggio gratuito Bar/Lounge Internet ad alta velocità gratuito (WiFi) Colazione inclusa Servizio in camera Accessibile in sedia a rotelle Animali domestici ammessi ;Aria condizionata Cucinino 
https://www.tripadvisor.it/Hotel_Review-g187874-d6407373-Reviews-B_B_Borgo_S_Nicola-Bari_Province_of_Bari_Puglia.html;B&B Borgo S. Nicola;Vico San Luca 4;70129, Bari, ;57;-;4;Internet ad alta velocità gratuito (WiFi) ;Aria condizionata Frigorifero in camera Camere per famiglie 
https://www.tripadvisor.it/Hotel_Review-g187874-d13838981-Reviews-Kaktus-Bari_Province_of_Bari_Puglia.html;Kaktus;Via Alessandro Manzoni n. 93;70122, Bari, ;15;-;-;-;--
https://www.tripadvisor.it/Hotel_Review-g187874-d8286733-Reviews-B_B_Clorinda-Bari_Province_of_Bari_Puglia.html;B&B Clorinda;Via Abate Gimma 171;70122, Bari, ;29;-;4.5;Internet ad alta velocità gratuito (WiFi) Colazione inclusa Animali domestici ammessi Hotel non fumatori Servizio lavanderia Servizio navetta Trasporti per l'aeroporto ;Aria condizionata Frigorifero in camera Microonde Minibar Camere per famiglie 
https://www.tripadvisor.it/Hotel_Review-g635875-d1149307-Reviews-B_B_dei_Serafini-Polignano_a_Mare_Province_of_Bari_Puglia.html;Boutique B&B La Casa nel Sole;Via Michele Cifarelli, 10;70124, Bari, ;40;-;5;Internet ad alta velocità gratuito (WiFi) Colazione disponibile Hotel non fumatori Lavanderia self-service Personale multilingue Sale riunioni Strutture per conferenze ;Aria condizionata Frigorifero in camera Microonde Camere non fumatori Camere per famiglie Suite 
https://www.tripadvisor.it/Hotel_Review-g187874-d10193645-Reviews-B_B_Villa_Pallante-Bari_Province_of_Bari_Puglia.html;B&B Villa Pallante;Corso Alcide De' Gasperi 513;70125, Bari, ;20;-;4;Aria condizionata Frigorifero in camera Microonde Minibar Cucinino ;STILE DELL'HOTEL Conveniente 
https://www.tripadvisor.it/Hotel_Review-g187874-d13825981-Reviews-Travel_B_B-Bari_Province_of_Bari_Puglia.html;Travel B&B;Piazza Aldo Moro 8;70122, Bari, ;13;-;4.5;-;-
https://www.tripadvisor.it/Hotel_Review-g187874-d10450419-Reviews-B_B_Levantino-Bari_Province_of_Bari_Puglia.html;B&B Levantino;Strada Arco Spirito Santo 13;70122, Bari, ;9;-;-;-;--
https://www.tripadvisor.it/Hotel_Review-g187874-d1825922-Reviews-Visa_Residence_Albergo_Residenziale-Bari_Province_of_Bari_Puglia.html;Visa Residence Albergo Residenziale;Via Dante Alighieri 461/a;70123, Bari, ;27;-;4.5;Internet ad alta velocità gratuito (WiFi) Accessibile in sedia a rotelle Animali domestici ammessi Concierge Personale multilingue Servizio lavanderia Wi-Fi pubblico ;Aria condizionata Frigorifero in camera Microonde Camere con accesso per disabili Camere non fumatori Camere per famiglie Cucinino 
https://www.tripadvisor.it/Hotel_Review-g187874-d4741634-Reviews-B_B_Sant_Anna-Bari_Province_of_Bari_Puglia.html;B&B Sant'Anna;Strada Palazzo di Citta' 17;70122, Bari, ;46;-;4.5;Internet ad alta velocità gratuito (WiFi) Colazione inclusa Hotel non fumatori Wi-Fi pubblico ;Aria condizionata Frigorifero in camera Camere non fumatori Camere per famiglie 
https://www.tripadvisor.it/Hotel_Review-g635875-d5499134-Reviews-Il_Cigno_B_B-Polignano_a_Mare_Province_of_Bari_Puglia.html;Il Cigno;Corso Cavour 118;70121, Bari, ;22;-;5;Internet ad alta velocità gratuito (WiFi) Colazione inclusa ;Suite 
https://www.tripadvisor.it/Hotel_Review-g2533537-d6401630-Reviews-Santos_B_B-Palese_Bari_Province_of_Bari_Puglia.html;Santos B&B;Traversa di Via Napoli 6;70127 Palese, Bari, ;27;-;5;Internet ad alta velocità gratuito (WiFi) Servizio navetta Trasporti per l'aeroporto Wi-Fi pubblico ;Aria condizionata 
https://www.tripadvisor.it/Hotel_Review-g2533537-d7125037-Reviews-La_Dimora_Bed_Breakfast-Palese_Bari_Province_of_Bari_Puglia.html;La Dimora Bed & Breakfast;Via Napoli, 414;70132 Palese, Bari, ;41;-;4.5;Parcheggio gratuito Internet ad alta velocità gratuito (WiFi) Colazione inclusa Animali domestici ammessi Servizio navetta Trasporti per l'aeroporto Wi-Fi pubblico ;Aria condizionata 
https://www.tripadvisor.it/Hotel_Review-g187874-d8714436-Reviews-Residenza_Piazza_Moro_B_B-Bari_Province_of_Bari_Puglia.html;Residenza Piazza Moro B&B;Piazza Aldo Moro 8;70122, Bari, ;20;-;5;Internet ad alta velocità gratuito (WiFi) Hotel non fumatori Servizio di babysitter ;Aria condizionata Camere per famiglie 
https://www.tripadvisor.it/Hotel_Review-g187874-d6419993-Reviews-Le_Sete-Bari_Province_of_Bari_Puglia.html;Le Sete;Strada Torre di Mizzo 8;70126, Bari, ;22;-;4.5;Parcheggio gratuito Internet ad alta velocità gratuito (WiFi) Wi-Fi pubblico ;STILE DELL'HOTEL Per famiglie Caratteristico 
https://www.tripadvisor.it/Hotel_Review-g187874-d10202608-Reviews-Sisters_Residence-Bari_Province_of_Bari_Puglia.html;Sisters Residence;Strada San Luca 27/1;70122, Bari, ;18;-;4.5;Bar/Lounge Internet ad alta velocità gratuito (WiFi) Hotel non fumatori ;Aria condizionata 
https://www.tripadvisor.it/Hotel_Review-g187874-d7593584-Reviews-B_B_Vittorio_Emanuele-Bari_Province_of_Bari_Puglia.html;B&B Vittorio Emanuele;Corso Vittorio Emanuele II 124;70122, Bari, ;20;-;4.5;Internet ad alta velocità gratuito (WiFi) Hotel non fumatori ;Aria condizionata Microonde Cucinino 
